filename,label,md5,sha256,file_size,overall_entropy,is_pe,e_lfanew,machine,num_sections,timestamp,size_of_code,size_of_init_data,size_of_uninit_data,entry_point,image_base,section_alignment,file_alignment,major_os_version,minor_os_version,major_image_version,minor_image_version,major_subsystem_version,minor_subsystem_version,size_of_image,size_of_headers,checksum,checksum_valid,zero_checksum,subsystem,dll_characteristics,num_rva_and_sizes,num_sections_text,num_sections_data,num_sections_rsrc,num_sections_rdata,num_sections_reloc,entropy_text,entropy_data,entropy_rsrc,entropy_rdata,entropy_reloc,max_section_entropy,min_section_entropy,avg_section_entropy,num_high_entropy_sections,section_name_anomaly,packer_detected,iat_size,num_imports,num_exports,has_tls,num_strings,avg_string_len,has_url_string,has_registry_string,suspicious_entry_point,virtual_size_discrepancy
1000_mm2gv.exe,benign,02b72bab7584c18b5e6965f0ffa16620,ac91667452f66b4b6d1778020896eac95425073f8b94c0bdc27f69e1bdd5d18b,19968,7.448748,1,264,34404,3,1749896539,20480,4096,40960,61056,5368709120,4096,512,6,0,0,0,6,0,69632,1024,0,0,1,3,33120,16,0,0,1,0,0,0.0,0.0,4.1251,0.0,0.0,7.747126,0.0,3.957409,1,2,1,0,13,0,0,303,7.05,0,0,0,0
1001_moc.exe,benign,d189e3b2ab0a0388efcceca7fd8f133a,bc6ac3540c6c7ab60abfe2eb0fcd0efe393ec10f5cef0c4c8ea3a4ef992ad3aa,433664,7.918612,1,288,34404,3,1747025569,430080,4096,884736,1317280,5368709120,4096,512,6,0,5,15,6,0,1323008,1024,0,0,1,3,33120,16,0,0,1,0,0,0.0,0.0,4.319301,0.0,0.0,7.925867,0.0,4.081723,1,2,1,0,19,0,1,6975,5.22,0,0,0,0
1002_ms2mit.exe,benign,3624854a9054af79dc9bd9ca861360b7,05b072f33663f1d04e5b8224ffed4c55f7baf567dec825d8b9c17dd6d4ffae78,10240,6.245234,1,256,34404,3,1719463607,8192,4096,32768,42192,5368709120,4096,512,6,0,0,0,6,0,49152,1024,0,0,1,3,33120,16,0,0,1,0,0,0.0,0.0,3.198873,0.0,0.0,7.360837,0.0,3.519903,1,2,1,0,15,0,0,160,7.53,0,0,0,0
1003_neato.exe,benign,e7a993ff8afe3d91c14f8a59ec2800be,25fcfcee67b28589eaddf53d928138322a3681023c20792726aea759caab5fbd,8192,6.472791,1,256,34404,3,1749896532,8192,4096,28672,37168,5368709120,4096,512,6,0,0,0,6,0,45056,1024,0,0,1,3,33120,16,0,0,1,0,0,0.0,0.0,3.93688,0.0,0.0,7.309358,0.0,3.748746,1,2,1,0,12,0,0,126,9.98,0,0,0,0
1004_nop.exe,benign,158fe1f622a263fa08420aa1703b1053,e78b049be52cfa179e200476081eeed63ea40652f7278db20dee0d219ddc8e01,8192,6.688207,1,256,34404,3,1749896536,8192,4096,32768,41536,5368709120,4096,512,6,0,0,0,6,0,49152,1024,0,0,1,3,33120,16,0,0,1,0,0,0.0,0.0,3.949301,0.0,0.0,7.544489,0.0,3.831263,1,2,1,0,12,0,0,145,9.46,0,0,0,0
1005_openssl.exe,benign,ab38b64b1ba120e2fd49dc80746599e6,2d090fadf9b8761c4ec134abe6d76b6fb94cd355605abc197fdc68cac9a338e4,304128,7.934122,1,256,34404,3,1746226929,303104,4096,573440,876912,5368709120,4096,512,6,0,0,0,6,0,884736,1024,0,0,1,3,33120,16,0,0,1,0,0,0.0,0.0,3.529178,0.0,0.0,7.945392,0.0,3.824857,1,2,1,0,19,0,0,5099,5.0,1,0,0,0
1006_opj_compress.exe,benign,79d4bbfccbd5f1877e73c5ff407c1310,0e7d1ae37d50b6ef45f76fbf15855623fb34d717100e93e5eba048c43f464505,38912,7.795371,1,272,34404,3,1733816708,36864,4096,65536,105040,5368709120,4096,512,6,0,0,0,6,0,110592,1024,0,0,1,3,33120,16,0,0,1,0,0,0.0,0.0,4.578339,0.0,0.0,7.893118,0.0,4.157152,1,2,1,0,16,0,0,692,6.04,0,0,0,0
1007_opj_decompress.exe,benign,5c12313bd4fdeac86d18c01524a1dde9,f6110f525e26003438cb4cbe1e2f4dad7bd9cc2055b7a6f7150b228c328bee55,34816,7.708653,1,272,34404,3,1733816708,32768,4096,57344,92096,5368709120,4096,512,6,0,0,0,6,0,98304,1024,0,0,1,3,33120,16,0,0,1,0,0,0.0,0.0,3.819507,0.0,0.0,7.877977,0.0,3.899161,1,2,1,0,17,0,0,580,6.25,0,0,0,0
1008_opj_dump.exe,benign,f9123962f9e2136539c7d8e5d6e54fd1,720280a7f121df569441e531f248b31d4bff65e7c02277edf600362f4bd68253,14848,7.344443,1,280,34404,3,1733816708,12288,4096,36864,52208,5368709120,4096,512,6,0,0,0,6,0,57344,1024,0,0,1,3,33120,16,0,0,1,0,0,0.0,0.0,4.14273,0.0,0.0,7.749932,0.0,3.964221,1,2,1,0,13,0,0,284,7.55,0,0,0,0
1009_osage.exe,benign,e7a993ff8afe3d91c14f8a59ec2800be,25fcfcee67b28589eaddf53d928138322a3681023c20792726aea759caab5fbd,8192,6.472791,1,256,34404,3,1749896532,8192,4096,28672,37168,5368709120,4096,512,6,0,0,0,6,0,45056,1024,0,0,1,3,33120,16,0,0,1,0,0,0.0,0.0,3.93688,0.0,0.0,7.309358,0.0,3.748746,1,2,1,0,12,0,0,126,9.98,0,0,0,0
100_docker-model.exe,benign,f15d0c76ed737a5f10e2787f234746bf,8a70b4f585898ecf260c72d2f9e4a16fdcd4b74eeb96dfb336657c2a3c51a603,9060784,7.923673,1,128,34404,3,0,9052160,4096,20324352,29376976,5368709120,4096,512,6,1,1,0,6,1,29384704,512,0,0,1,3,33120,16,0,0,0,0,0,0.0,0.0,0.0,0.0,0.0,7.923793,0.0,3.121932,1,3,1,0,4,0,0,133646,4.89,1,0,0,0
1010_pal2rgb.exe,benign,a597100e9012dae11b3f0796f14fffa7,36a70d294164e187207338f977dc48cca392e6e60c6304815fbabe1801701991,11264,6.760723,1,272,34404,3,1747067153,8192,4096,32768,43600,5368709120,4096,512,6,0,0,0,6,0,49152,1024,0,0,1,3,33120,16,0,0,1,0,0,0.0,0.0,3.723673,0.0,0.0,7.672141,0.0,3.798605,1,2,1,0,13,0,0,198,8.51,0,0,0,0
1011_pango-list.exe,benign,2040336b38b1fdfc0bea77a745510d59,35c1f81b51ede2908ec19537fc91a3b330890309fbeb6835e5a0044415aeda12,9216,6.945498,1,248,34404,3,1743352658,8192,4096,28672,38816,5368709120,4096,512,6,0,0,0,6,0,45056,1024,0,0,1,3,33120,16,0,0,0,0,0,0.0,0.0,0.0,0.0,0.0,7.551042,0.0,3.817311,1,3,1,0,15,0,0,151,7.75,0,0,0,0
1012_pango-segmentation.exe,benign,8472587097166f9f1ce08d7c1dec7a4f,50d8e1b502f1cc58ae81c1e657ee974bc9bbea90b51da5ed2f02bdfb052d8a4c,8704,7.002231,1,248,34404,3,1743352659,8192,4096,28672,38496,5368709120,4096,512,6,0,0,0,6,0,45056,1024,0,0,1,3,33120,16,0,0,0,0,0,0.0,0.0,0.0,0.0,0.0,7.643855,0.0,3.851907,1,3,1,0,15,0,0,168,7.59,0,0,0,0
1013_pango-view.exe,benign,ac7a666e112e6a12dde85c7c2069549d,e7ba154c5b3393b16a6a1f12778672d353f857c2c5abff02c942e8c727406389,23040,7.529986,1,264,34404,3,1743352658,20480,4096,49152,72416,5368709120,4096,512,6,0,0,0,6,0,77824,1024,0,0,1,3,33120,16,0,0,0,0,0,0.0,0.0,0.0,0.0,0.0,7.803018,0.0,3.785879,1,3,1,0,19,0,0,391,6.08,0,0,0,0
1014_patchwork.exe,benign,e7a993ff8afe3d91c14f8a59ec2800be,25fcfcee67b28589eaddf53d928138322a3681023c20792726aea759caab5fbd,8192,6.472791,1,256,34404,3,1749896532,8192,4096,28672,37168,5368709120,4096,512,6,0,0,0,6,0,45056,1024,0,0,1,3,33120,16,0,0,1,0,0,0.0,0.0,3.93688,0.0,0.0,7.309358,0.0,3.748746,1,2,1,0,12,0,0,126,9.98,0,0,0,0
1015_pcre2grep.exe,benign,8e351eca72d025829a5709cf2257a69d,951229281a5a8384ac1f17acc4274b5e0bba44a2b6a9c957c0e5e50365108c9b,202752,7.911992,1,248,34404,3,1745955427,200704,4096,413696,616960,5368709120,4096,512,6,0,0,0,6,0,622592,1024,0,0,1,3,33120,16,0,0,1,0,0,0.0,0.0,4.532405,0.0,0.0,7.922789,0.0,4.151731,1,2,1,0,16,0,0,2849,4.93,0,0,0,0
1016_pcre2test.exe,benign,620317dafb874e4c718712cd40692971,9900a8f8970cd8f3be56643b4dfbb0afc155d2eeee9f5bc494548e79fc4b8441,476672,7.911419,1,248,34404,3,1745955427,475136,4096,1359872,1837120,5368709120,4096,512,6,0,0,0,6,0,1843200,1024,0,0,1,3,33120,16,0,0,1,0,0,0.0,0.0,4.255289,0.0,0.0,7.915283,0.0,4.056857,1,2,1,0,13,0,0,6302,4.82,0,0,0,0
1017_pixeltool.exe,benign,5004a146eeb7821462c59bb2eab97bf9,704394294b56baa98956d7ee7202d6f375bb780702678dfa0124758dc7665f9d,25088,7.52905,1,264,34404,3,1747031106,24576,4096,65536,89856,5368709120,4096,512,6,0,5,15,6,0,98304,1024,0,0,1,2,33120,16,0,0,1,0,0,0.0,0.0,4.456468,0.0,0.0,7.820534,0.0,4.092334,1,2,1,0,14,0,0,429,7.24,0,0,0,0
1018_pkgdata.exe,benign,737cdefa2cf730635267c7c38efe7273,768f084c0d1248c22f8c83500bbc3876665243018ea60e28f6ab58b9b8ea3067,90624,7.87595,1,264,34404,3,1720853839,90112,4096,135168,227136,5368709120,4096,512,6,0,0,0,6,0,233472,1024,0,0,1,3,33120,16,0,0,0,0,0,0.0,0.0,0.0,0.0,0.0,7.903699,0.0,3.488413,1,3,1,0,6,0,0,1374,5.01,0,0,0,0
1019_png-fix-itxt.exe,benign,06da7b9e872ac3aa61e86ce20e17efb7,547642937a99b66d3a8c66efdb4841e8f0ecece3fe57f65876273e7840e738b4,8192,6.596957,1,264,34404,3,1745771564,8192,4096,28672,37376,5368709120,4096,512,6,0,0,0,6,0,45056,1024,0,0,1,3,33120,16,0,0,1,0,0,0.0,0.0,3.832904,0.0,0.0,7.453564,0.0,3.762156,1,2,1,0,11,0,0,120,10.05,0,0,0,0
101_docker-offload.exe,benign,4ebb6f153f55c0bddb7f736fdf18d403,21d98514a01d7bd2ceb72fe29f7b8bc17cce5e20ba0f634272556f749695e587,15572400,7.915819,1,128,34404,3,0,15560704,4096,41488384,57052160,5368709120,4096,512,6,1,1,0,6,1,57057280,512,0,0,1,3,33120,16,0,0,0,0,0,0.0,0.0,0.0,0.0,0.0,7.915871,0.0,3.125613,1,3,1,0,4,0,0,205859,4.73,1,0,0,0
1020_pngfix.exe,benign,cddbad5fa333a0d6fa4d2cd93b0eff6c,d7e39fbd5c69dd91a14a4ce4db47d0d2b15308883e74cc5f855b29dfa06df938,25088,7.658735,1,272,34404,3,1745771564,24576,4096,45056,70672,5368709120,4096,512,6,0,0,0,6,0,77824,1024,0,0,1,3,33120,16,0,0,1,0,0,0.0,0.0,4.331525,0.0,0.0,7.858211,0.0,4.063245,1,2,1,0,14,0,0,465,6.5,0,0,0,0
1021_ppm2tiff.exe,benign,3316deca5453c87be4d6179974c8cf28,32f40036457b7de454349fb94571627ecb5b02fe109728d3c89560b25e01a070,11776,6.753146,1,272,34404,3,1747067153,8192,4096,32768,43968,5368709120,4096,512,6,0,0,0,6,0,49152,1024,0,0,1,3,33120,16,0,0,1,0,0,0.0,0.0,3.712953,0.0,0.0,7.627947,0.0,3.7803,1,2,1,0,13,0,0,191,8.72,0,0,0,0
1022_proj.exe,benign,20cd8ee8e163b1a837c276d66e56ac06,dfba9bd63caf631442551925e405b07efcb0db4d86c311fe828da210e4ae425b,18432,7.364388,1,248,34404,3,1749233124,16384,4096,40960,59296,5368709120,4096,512,6,0,0,0,6,0,65536,1024,0,0,1,3,33120,16,0,0,1,0,0,0.0,0.0,3.746049,0.0,0.0,7.784657,0.0,3.843569,1,2,1,0,16,0,0,374,7.06,0,0,0,0
1023_projinfo.exe,benign,555fd470764054c15bd8bdb2b5e7a4cc,ea25588c8865303e10e7a886e01d21ac01b3124371958ed4a485338521dfbc49,51200,7.765894,1,248,34404,3,1749233130,49152,4096,126976,177984,5368709120,4096,512,6,0,0,0,6,0,184320,1024,0,0,1,3,33120,16,0,0,1,0,0,0.0,0.0,4.033969,0.0,0.0,7.870402,0.0,3.968124,1,2,1,0,17,0,0,854,5.8,0,0,0,0
1024_projsync.exe,benign,91b8c96a81411aafa6cceb8f55fec33d,aefce6be688d90c2f55c11a2c78bb1d5d1022a0a283d5737beff897ae7b5e3fd,46592,7.757922,1,256,34404,3,1749233136,45056,4096,94208,140944,5368709120,4096,512,6,0,0,0,6,0,147456,1024,0,0,1,3,33120,16,0,0,1,0,0,0.0,0.0,4.477691,0.0,0.0,7.851347,0.0,4.109679,1,2,1,0,14,0,0,740,5.84,0,0,0,0
1025_prune.exe,benign,3300e677f2a41a9f1a459d1baeaa717b,7a397d156ba7e703a1356bb5faf0cf692526ad6ad0420b738035b77dd25a1f30,10752,6.847761,1,264,34404,3,1749896532,8192,4096,32768,43680,5368709120,4096,512,6,0,0,0,6,0,49152,1024,0,0,1,3,33120,16,0,0,1,0,0,0.0,0.0,4.061742,0.0,0.0,7.460645,0.0,3.840796,1,2,1,0,13,0,0,184,8.79,0,0,0,0
1026_psicc.exe,benign,b1bff45ab7dc82f4b1867aa7449a6797,54282f5650a0f51c85a683ee6bea1ae7f3cd418db5f35a05e0ce76183dcea57c,200192,7.9157,1,264,34404,3,1739161000,200704,4096,278528,479440,5368709120,4096,512,6,0,0,0,6,0,487424,1024,0,0,1,3,33120,16,0,0,1,0,0,0.0,0.0,3.645649,0.0,0.0,7.92656,0.0,3.857403,1,2,1,0,4,0,0,3067,5.02,0,0,0,0
1027_qcollectiongenerator.exe,benign,897726df20fba99895ee8a1644717425,366997a13eaed2485558295216e0ee10279ca8bbaa3fb9b826e476a250d0d211,8704,6.347015,1,248,34404,3,1747031115,8192,4096,28672,36816,5368709120,4096,512,6,0,5,15,6,0,45056,1024,0,0,1,3,33120,16,0,0,1,0,0,0.0,0.0,4.262938,0.0,0.0,7.395465,0.0,3.886134,1,2,1,0,12,0,0,133,11.85,0,0,0,0
1028_qconvex.exe,benign,ae61ab14615284c318417577d9bfdc59,442d0f29147e3a33834d8a9b0be1143c59a651781e7a86b3ea7fdbf24d8f9ee1,165888,7.935531,1,256,34404,3,1720814179,163840,4096,253952,420352,5368709120,4096,512,6,0,0,0,6,0,425984,1024,0,0,1,3,33120,16,0,0,1,0,0,0.0,0.0,4.332379,0.0,0.0,7.949336,0.0,4.093905,1,2,1,0,14,0,0,2492,5.06,1,0,0,0
1029_qdbus.exe,benign,32dba018edd36c46b9d9335e12273911,b70077d2febff315e828deae6028a96a2c39b49acf1fee276070eba564809260,23040,7.530781,1,264,34404,3,1747031518,20480,4096,61440,84000,5368709120,4096,512,6,0,5,15,6,0,90112,1024,0,0,1,3,33120,16,0,0,1,0,0,0.0,0.0,4.386679,0.0,0.0,7.849079,0.0,4.078586,1,2,1,0,13,0,0,434,7.04,0,0,0,0
102_docker-pass.exe,benign,866ddc109fb5e95dae9f908ec5f75283,fc33150153ee0c9656d6248943f2f6a0ad4192a8bc74454c0d19bb0a61f3630d,5732272,7.920148,1,128,34404,3,0,5722112,4096,12316672,18040544,5368709120,4096,512,6,1,1,0,6,1,18046976,512,0,0,1,3,33120,16,0,0,0,0,0,0.0,0.0,0.0,0.0,0.0,7.920322,0.0,3.120775,1,3,1,0,4,0,0,76072,4.74,1,0,0,0
1030_qdbuscpp2xml.exe,benign,1c8f0e49bc46c12eee7fd922b55ee2c9,057afac30e835b60fc41fb8ae8d158742e343049b4b4f7c85a5b9532166fed87,77824,7.827706,1,256,34404,3,1747026537,77824,4096,147456,224336,5368709120,4096,512,6,0,5,15,6,0,233472,1024,0,0,1,3,33120,16,0,0,1,0,0,0.0,0.0,4.495537,0.0,0.0,7.893822,0.0,4.129786,1,2,1,0,13,0,1,1221,5.64,1,0,0,0
1031_qdbusviewer.exe,benign,1e9cf711ba194eeffd4a52d025570bdf,2da70d60289cac83f9997dd18a2b47f9f4012dfa2c36ee49920684798f77fe00,177152,5.887668,1,264,34404,3,1747031586,45056,131072,274432,322288,5368709120,4096,512,6,0,5,15,6,0,454656,1024,0,0,1,2,33120,16,0,0,1,0,0,0.0,0.0,4.900068,0.0,0.0,7.901304,0.0,4.267124,1,2,1,0,16,0,0,1143,5.76,0,0,0,0
1032_qdbusxml2cpp.exe,benign,9209ee5f47549a02adb4c5224bf56e4c,0ce14bb0ba131a5c7fe8004422c4a99b979bb66b5d598ab63166ff997d403f3d,29184,7.6388,1,272,34404,3,1747026447,28672,4096,61440,90192,5368709120,4096,512,6,0,5,15,6,0,98304,1024,0,0,1,3,33120,16,0,0,1,0,0,0.0,0.0,4.379986,0.0,0.0,7.870933,0.0,4.08364,1,2,1,0,12,0,0,572,6.56,0,0,0,0
1033_qdelaunay.exe,benign,40d70f12d65b49fc355145c85399b41f,6385834918b0242bd83ff9e5262fe043a8e84bd27fefd5045284ececd5807db0,165888,7.932108,1,256,34404,3,1720814179,163840,4096,253952,420192,5368709120,4096,512,6,0,0,0,6,0,425984,1024,0,0,1,3,33120,16,0,0,1,0,0,0.0,0.0,4.325401,0.0,0.0,7.946769,0.0,4.090723,1,2,1,0,14,0,0,2533,5.06,1,0,0,0
1034_qdistancefieldgenerator.exe,benign,243cff26d22ce00a43a3f9c0669af3c5,bf20b9689c7b197f6b2aeeaa30f27a94cced429f1014a4337bf851d7ef9389f2,51712,7.749967,1,264,34404,3,1747031462,49152,4096,147456,198144,5368709120,4096,512,6,0,5,15,6,0,204800,1024,0,0,1,2,33120,16,0,0,1,0,0,0.0,0.0,4.097275,0.0,0.0,7.885885,0.0,3.994387,1,2,1,0,15,0,1,952,6.07,1,0,0,0
1035_qgltf.exe,benign,46dc22b49905ea5d57b1f39a33371828,ab9664e7d1b89ef007b1a123be3db3d88168eee173526f77dc9016923e4b920a,573440,7.916053,1,288,34404,3,1747034643,569344,4096,1163264,1735664,5368709120,4096,512,6,0,5,15,6,0,1740800,1024,0,0,1,3,33120,16,0,0,1,0,0,0.0,0.0,4.129536,0.0,0.0,7.920949,0.0,4.016828,1,2,1,0,17,0,1,8467,4.93,0,0,0,0
1036_qhalf.exe,benign,5d6707f29c10880373d70f324be56e0f,a57c3a319e57a4f491f43e7a55d38c9dd7914d8a12f4ee5939e6b2bc984f8e30,165888,7.932975,1,256,34404,3,1720814180,163840,4096,253952,420256,5368709120,4096,512,6,0,0,0,6,0,425984,1024,0,0,1,3,33120,16,0,0,1,0,0,0.0,0.0,4.325218,0.0,0.0,7.947324,0.0,4.090847,1,2,1,0,14,0,0,2546,5.06,1,0,0,0
1037_qhelpgenerator.exe,benign,143861d8dd6b910c697de41d9198a967,94eaf35477819af585d6b1fe1602e0369aa60eb8cd49eaeaaf4db118360ed379,54272,7.785245,1,272,34404,3,1747031271,53248,4096,102400,155856,5368709120,4096,512,6,0,5,15,6,0,163840,1024,0,0,1,3,33120,16,0,0,1,0,0,0.0,0.0,4.517284,0.0,0.0,7.888978,0.0,4.135421,1,2,1,0,14,0,0,893,6.01,0,0,0,0
1038_qhull.exe,benign,65d582bed23b593e55659f01893c1daf,892363fb22983c6ba754eba91191a0cd1b4a58d2eca56f132af356a863c1c90e,162304,7.922493,1,264,34404,3,1720814180,159744,4096,270336,432944,5368709120,4096,512,6,0,0,0,6,0,438272,1024,0,0,1,3,33120,16,0,0,1,0,0,0.0,0.0,4.417995,0.0,0.0,7.937651,0.0,4.118549,1,2,1,0,14,0,0,2499,5.03,0,0,0,0
1039_qlalr.exe,benign,d55cafd8281be476e24f332672838387,f9089492419322397485bbbbee9bcd6802cbe7e9191dc53c9fb6118f8a9a9ec6,48128,7.771995,1,272,34404,3,1747026180,45056,4096,86016,133552,5368709120,4096,512,6,0,5,15,6,0,139264,1024,0,0,1,3,33120,16,0,0,1,0,0,0.0,0.0,4.474054,0.0,0.0,7.889888,0.0,4.121314,1,2,1,0,13,0,1,827,6.08,0,0,0,0
103_docker-sandbox.exe,benign,f5a31e2455f4d14d244c606ae418fe8b,f4c2af002dc54ccb6d614132eceb17bbda865d95982a76ca8e688f4cfb05ce90,10990000,7.917264,1,128,34404,3,0,10981376,4096,32006144,42987968,5368709120,4096,512,6,1,1,0,6,1,42995712,512,0,0,1,3,33120,16,0,0,0,0,0,0.0,0.0,0.0,0.0,0.0,7.917349,0.0,3.096421,1,3,1,0,4,0,0,147787,4.76,1,0,0,0
1040_qmake.exe,benign,23ab732dcbc811f7348d302109d996c1,a4dfe7dfbffc394dc103e8a5c961d9ca483e9ddfd194810b2a4a4efa7fb205a9,935424,7.92705,1,264,34404,3,1747025135,933888,4096,2027520,2964192,5368709120,4096,512,6,0,0,0,6,0,2969600,1024,0,0,1,3,33120,16,0,0,0,0,0,0.0,0.0,0.0,0.0,0.0,7.928432,0.0,3.822003,1,3,1,0,8,0,1,14214,4.9,0,0,0,0
1041_qml.exe,benign,428cc78c78ca1be7d4f963db5fe18ec9,a8f19bd43dd9fa6a7cc123711c4faaefb084d1e1c7883fb9cc386a2dbac9b179,155648,5.475164,1,264,34404,3,1747029765,28672,131072,196608,226000,5368709120,4096,512,6,0,5,15,6,0,360448,1024,0,0,1,3,33120,16,0,0,1,0,0,0.0,0.0,4.780474,0.0,0.0,7.826212,0.0,4.202229,1,2,1,0,15,0,0,733,6.26,0,0,0,0
1042_qmlcachegen.exe,benign,2caa26d13ba156e4211766902c2b5ce9,3a1cb9397a5af0801c8d67199c0620c867e4c0d8c42332e22ceeb28b7a94a133,191488,7.91003,1,256,34404,3,1747029704,188416,4096,401408,592336,5368709120,4096,512,6,0,5,15,6,0,598016,1024,0,0,1,3,33120,16,0,0,1,0,0,0.0,0.0,4.437842,0.0,0.0,7.927982,0.0,4.121941,1,2,1,0,13,0,1,2975,5.14,0,0,0,0
1043_qmleasing.exe,benign,0122876cef9bc08db9e42c232178c04f,c4653aa3a32f3677a303fbd6b159673debe0de2c72931ed5b4b1430bae5ee98c,40960,7.656079,1,272,34404,3,1747029774,36864,4096,126976,166560,5368709120,4096,512,6,0,5,15,6,0,172032,1024,0,0,1,2,33120,16,0,0,1,0,0,0.0,0.0,4.23592,0.0,0.0,7.847497,0.0,4.027806,1,2,1,0,16,0,0,799,6.29,0,0,0,0
1044_qmlformat.exe,benign,9db556629a31792507d6acc4a0f9a98e,b2bb148f7826f5285265d37843b65808501ce3d794d99e99f46ee1855a60ada5,100864,7.86146,1,272,34404,3,1747029693,98304,4096,258048,358048,5368709120,4096,512,6,0,5,15,6,0,364544,1024,0,0,1,3,33120,16,0,0,1,0,0,0.0,0.0,4.211674,0.0,0.0,7.910388,0.0,4.040687,1,2,1,0,11,0,1,1548,5.42,0,0,0,0
1045_qmlimportscanner.exe,benign,14f043a781af04d491ee17a7fc8fb762,2b2d9a6f991bb6d86cd356c00c3a386e6c1182d94667d48e5e4a9154142fc8ef,84992,7.843605,1,256,34404,3,1747029689,81920,4096,229376,313584,5368709120,4096,512,6,0,5,15,6,0,319488,1024,0,0,1,3,33120,16,0,0,1,0,0,0.0,0.0,4.47017,0.0,0.0,7.901575,0.0,4.123915,1,2,1,0,13,0,1,1375,5.51,0,0,0,0
1046_qmllint.exe,benign,e38e9a24bb6ed69e93e6e57b4aa71280,038944071776bfe0e0eba0c85866fa4fcb87dadff475d3418595c2dddddff3e5,120832,7.886905,1,256,34404,3,1747029675,118784,4096,274432,394656,5368709120,4096,512,6,0,5,15,6,0,401408,1024,0,0,1,3,33120,16,0,0,1,0,0,0.0,0.0,4.459973,0.0,0.0,7.921477,0.0,4.12715,1,2,1,0,13,0,1,1901,5.34,0,0,0,0
1047_qmlmin.exe,benign,f3608312bf3d3a4cf444d780f5d1d1ae,59fcca8f46910e582f8623fe738808d1a7229eb2b537e21a2b7f77745d7f4a22,42496,7.687126,1,264,34404,3,1747029665,40960,4096,98304,140080,5368709120,4096,512,6,0,5,15,6,0,147456,1024,0,0,1,3,33120,16,0,0,1,0,0,0.0,0.0,4.434032,0.0,0.0,7.839373,0.0,4.091135,1,2,1,0,13,0,0,699,6.16,0,0,0,0
1048_qmlplugindump.exe,benign,bbc9439a35978cd64e3390380823eb88,296bdb30e87dcc8cb23a51e26ff6bc0b22a85392baa40613c418fe1fd737045d,55296,7.790484,1,272,34404,3,1747029747,53248,4096,106496,160800,5368709120,4096,512,6,0,5,15,6,0,167936,1024,0,0,1,3,33120,16,0,0,1,0,0,0.0,0.0,4.22717,0.0,0.0,7.908974,0.0,4.045381,1,2,1,0,16,0,1,902,6.01,0,0,0,0
1049_qmlpreview.exe,benign,97ab8b3a5da8b8df753321ece69b31ef,fda5cd06d926ca78fa62f043099629536e7611438319f9c25ef3e868baf541e7,32256,7.651945,1,256,34404,3,1747029721,28672,4096,81920,113520,5368709120,4096,512,6,0,5,15,6,0,118784,1024,0,0,1,3,33120,16,0,0,1,0,0,0.0,0.0,4.305981,0.0,0.0,7.862998,0.0,4.056326,1,2,1,0,12,0,1,562,6.4,0,0,0,0
104_docker-sbom.exe,benign,ec05af1345f0cca6e95e236a577985f3,4e87a8c398de996c226996c2abc3642a83d12e3b87c54ed478d0e4dd8402c045,7418800,7.930951,1,128,34404,3,0,7409664,4096,14774272,22184832,4194304,4096,512,6,1,1,0,6,1,22192128,512,0,0,1,3,33120,16,0,0,0,0,0,0.0,0.0,0.0,0.0,0.0,7.931098,0.0,3.127992,1,3,1,0,4,0,0,100461,4.84,1,0,0,0
1050_qmlprofiler.exe,benign,a7291107ddcf43970d6c5047927d78cf,e6820081219d47c49be2ef6cb1be67ffd135b84a807d48ef3a3e6de3e9cd38b1,65024,7.819704,1,272,34404,3,1747029718,61440,4096,131072,195536,5368709120,4096,512,6,0,5,15,6,0,200704,1024,0,0,1,3,33120,16,0,0,1,0,0,0.0,0.0,4.54865,0.0,0.0,7.895838,0.0,4.148163,1,2,1,0,14,0,1,1107,5.69,0,0,0,0
1051_qmlscene.exe,benign,39782a471145b24908d94648f0f7544c,88ce37dcbeb013cf9edbcdb5337ef8f2d9708af19b0ebc18ee88f800c9518498,24576,7.505601,1,264,34404,3,1747029730,24576,4096,73728,97456,5368709120,4096,512,6,0,5,15,6,0,106496,1024,0,0,1,3,33120,16,0,0,1,0,0,0.0,0.0,4.648461,0.0,0.0,7.795414,0.0,4.147958,1,2,1,0,15,0,1,497,6.97,0,0,0,0
1052_qmltestrunner.exe,benign,ce2e35bb6e5254ab58dd88157df0ff3d,2b08cd3706ae193d900f3b88117140b2fb4902f65fc677152ad62fcdff9213d5,8192,6.152826,1,272,34404,3,1747029754,8192,4096,28672,36256,5368709120,4096,512,6,0,5,15,6,0,45056,1024,0,0,1,3,33120,16,0,0,1,0,0,0.0,0.0,4.20435,0.0,0.0,7.252396,0.0,3.818915,1,2,1,0,11,0,0,116,12.78,0,0,0,0
1053_qmltime.exe,benign,160d9531bfca04161794bfd929b6862f,1b94be591b35a414a58999f02b84bc0931a05c11190011780c6c57d8353458df,14848,7.199939,1,256,34404,3,1747029751,12288,4096,45056,59456,5368709120,4096,512,6,0,5,15,6,0,65536,1024,0,0,1,3,33120,16,0,0,1,0,0,0.0,0.0,4.451413,0.0,0.0,7.759861,0.0,4.070425,1,2,1,0,14,0,0,308,8.26,0,0,0,0
1054_qmltyperegistrar.exe,benign,18d980d301d26e84d97017cc5856035b,7e42f37a547799c69c82a6983c92922555f39d1bd791ab58cfd5e67aa40e35c9,41472,7.742073,1,264,34404,3,1747028041,40960,4096,86016,126960,5368709120,4096,512,6,0,5,15,6,0,135168,1024,0,0,1,3,33120,16,0,0,1,0,0,0.0,0.0,4.233353,0.0,0.0,7.890572,0.0,4.041308,1,2,1,0,11,0,1,670,6.27,0,0,0,0
1055_qscxmlc.exe,benign,9b72a2b7540ff57e896d362ead7da00f,0cff54e42bb68f0b92364e7d4e6598921a3a43950d7d52708f31519723155829,107520,7.892303,1,272,34404,3,1747030377,106496,4096,204800,311696,5368709120,4096,512,6,0,5,15,6,0,319488,1024,0,0,1,3,33120,16,0,0,1,0,0,0.0,0.0,4.327049,0.0,0.0,7.932628,0.0,4.086559,1,2,1,0,12,0,1,1793,5.35,0,0,0,0
1056_qtattributionsscanner.exe,benign,1f57b19b6c91e570a110509874a5f814,a785291df01c2645caefa09335936af6c2e6e1d22de6b37c0fd0edc28d029b40,30208,7.607273,1,272,34404,3,1747031474,28672,4096,69632,99008,5368709120,4096,512,6,0,5,15,6,0,106496,1024,0,0,1,3,33120,16,0,0,1,0,0,0.0,0.0,4.474764,0.0,0.0,7.838456,0.0,4.104407,1,2,1,0,13,0,0,553,6.67,0,0,0,0
1057_qtdiag.exe,benign,c17d7b37d61011646db757872927db5c,51fbb0d08484923c1d25c37ea4030251f100d9141d0a3021f062448c6a5317b8,27648,7.522052,1,272,34404,3,1747031634,24576,4096,69632,96096,5368709120,4096,512,6,0,5,15,6,0,102400,1024,0,0,1,3,33120,16,0,0,1,0,0,0.0,0.0,4.203134,0.0,0.0,7.839406,0.0,4.01418,1,2,1,0,16,0,0,530,6.97,0,0,0,0
1058_qtpaths.exe,benign,bd96810c415c21481cc8f7865bcf74d1,4876ae9af81bc21a871c57c7ecd3847bfefa2f3943447cfbdfb264a8fb070f52,15360,7.1566,1,264,34404,3,1747031506,12288,4096,40960,55776,5368709120,4096,512,6,0,5,15,6,0,61440,1024,0,0,1,3,33120,16,0,0,1,0,0,0.0,0.0,4.094185,0.0,0.0,7.736024,0.0,3.943403,1,2,1,0,11,0,0,300,7.93,0,0,0,0
1059_qtplugininfo.exe,benign,d73e374ffc1175fcfdc18fd571a2c1ca,c0e7186b942c2c1efad25107f144937e1d2a819971bda9215d6a9dd96fe2c88b,13312,6.900883,1,264,34404,3,1747031486,12288,4096,40960,53408,5368709120,4096,512,6,0,5,15,6,0,61440,1024,0,0,1,3,33120,16,0,0,1,0,0,0.0,0.0,4.386321,0.0,0.0,7.549146,0.0,3.978489,1,2,1,0,13,0,0,244,8.98,0,0,0,0
1060_QtWebEngineProcess.exe,benign,94e56a1d44d9a4ce3f4876582b987630,d6aaaa183b145c916e51d179f5f346e140907da021a74ca5ac5e6db043474b7d,264704,7.914279,1,320,34404,3,1729956428,262144,4096,434176,696656,5368709120,4096,512,5,2,5,15,5,2,704512,1024,0,0,1,2,33120,16,0,0,1,0,0,0.0,0.0,4.727453,0.0,0.0,7.927933,0.0,4.218462,1,2,1,0,21,0,1,3813,5.24,0,0,0,0
1061_qvkgen.exe,benign,3fba629a3cd044f2008009e7d0c2c1c5,c34566c16506e1e9728f16e04f0f75c142aafacf87a54d8c913dd1776661390d,18432,7.372428,1,264,34404,3,1747026282,16384,4096,36864,54832,5368709120,4096,512,6,0,5,15,6,0,61440,1024,0,0,1,3,33120,16,0,0,1,0,0,0.0,0.0,4.165332,0.0,0.0,7.818875,0.0,3.994736,1,2,1,0,11,0,0,364,7.49,0,0,0,0
1062_qvoronoi.exe,benign,620706f8848b0c8ca85b1000be6a6bbe,ed82a0d9714a65a7029db52006d522c9999d2f06d4303f3acdd88142036c790b,165888,7.930601,1,256,34404,3,1720814180,163840,4096,253952,420032,5368709120,4096,512,6,0,0,0,6,0,425984,1024,0,0,1,3,33120,16,0,0,1,0,0,0.0,0.0,4.327979,0.0,0.0,7.945984,0.0,4.091321,1,2,1,0,14,0,0,2470,5.07,1,0,0,0
1063_qwebengine_convert_dict.exe,benign,13a63df44791f33f6e2ccd102b52a271,c79948a0f90f1f286bd27e8b501e745162965f450fa18528c0d3c6292fb79463,257024,7.91126,1,312,34404,3,1729956427,253952,4096,462848,718176,5368709120,4096,512,5,2,5,15,5,2,724992,1024,0,0,1,3,33120,16,0,0,1,0,0,0.0,0.0,4.502379,0.0,0.0,7.925176,0.0,4.142518,1,2,1,0,21,0,1,3802,5.12,0,0,0,0
1064_raw2tiff.exe,benign,9e20007a35ac5f1d184cc3065829a4e5,c07f49edaba4279f318508e6c92be8cca1be1db3ca720c903fe96eed0b095bf9,14336,7.108113,1,280,34404,3,1747067153,12288,4096,36864,50816,5368709120,4096,512,6,0,0,0,6,0,57344,1024,0,0,1,3,33120,16,0,0,1,0,0,0.0,0.0,3.8007,0.0,0.0,7.773152,0.0,3.857951,1,2,1,0,14,0,0,256,7.93,0,0,0,0
1065_rbox.exe,benign,762fa66b955d61f2df6c442030a54b71,8a2a387604dd098365df1c416e7a439976d3c1f45b001544975cbd0a43461218,18432,7.490326,1,256,34404,3,1720814180,16384,4096,45056,63904,5368709120,4096,512,6,0,0,0,6,0,69632,1024,0,0,1,3,33120,16,0,0,1,0,0,0.0,0.0,4.26037,0.0,0.0,7.805759,0.0,4.022043,1,2,1,0,13,0,0,363,6.84,0,0,0,0
1066_rcc.exe,benign,16961eaf6f29b43a827e0c2a6ad7afa8,12ad2783c2218eeedf9c3f68d367778a04f1715e4639701bd8be6b021f9cf2a4,351232,7.910962,1,280,34404,3,1747025585,348160,4096,724992,1075072,5368709120,4096,512,6,0,5,15,6,0,1081344,1024,0,0,1,3,33120,16,0,0,1,0,0,0.0,0.0,4.40666,0.0,0.0,7.920326,0.0,4.108995,1,2,1,0,21,0,1,5741,5.3,0,0,0,0
1067_rdjpgcom.exe,benign,582e1c052c293052a02e970f271edb37,d8607bec99c7da576b3cd14799ed0a1b6b774230a354ab3e0212bcdc96820890,94720,7.874899,1,256,34404,3,1745268312,94208,4096,126976,222480,5368709120,4096,512,6,0,0,0,6,0,229376,1024,0,0,1,3,33120,16,0,0,1,0,0,0.0,0.0,3.637116,0.0,0.0,7.906414,0.0,3.847843,1,2,1,0,4,0,0,1379,5.15,0,0,0,0
1068_repc.exe,benign,e14ffbb826b87e5b9b9016d61721ecfb,1576aa28d482902d1916dd93756623e68b872a17cca56e7ffbd962e4b704803c,133632,7.895872,1,256,34404,3,1747030250,131072,4096,258048,390688,5368709120,4096,512,6,0,5,15,6,0,397312,1024,0,0,1,3,33120,16,0,0,1,0,0,0.0,0.0,4.324294,0.0,0.0,7.928915,0.0,4.084403,1,2,1,0,12,0,1,2045,5.29,0,0,0,0
1069_sccmap.exe,benign,b52b4aa4bad72f182f55c7eabafc1393,c1caa33e3ad04adb647db3403bb037188ec4b836f750eeede37f7692329644f0,10752,7.098984,1,272,34404,3,1749896539,8192,4096,32768,44144,5368709120,4096,512,6,0,0,0,6,0,49152,1024,0,0,1,3,33120,16,0,0,1,0,0,0.0,0.0,3.912385,0.0,0.0,7.720896,0.0,3.87776,1,2,1,0,12,0,0,208,8.09,0,0,0,0
106_7zr.exe,benign,d4676bbb803cfc131bdb538d5b7618c3,1709fb7942a64ab1f1fb1eb4baf85a9a17dd09f86533611e6368431e0f2c5908,377776,7.919251,1,240,34404,3,1770890400,364544,4096,643072,1009712,4194304,4096,512,4,0,0,0,5,2,1015808,1024,0,0,1,3,33120,16,0,0,1,0,0,0.0,0.0,4.707287,0.0,0.0,7.925758,0.0,4.211015,1,2,1,0,8,0,0,5764,5.38,1,0,0,0
1070_sfdp.exe,benign,e7a993ff8afe3d91c14f8a59ec2800be,25fcfcee67b28589eaddf53d928138322a3681023c20792726aea759caab5fbd,8192,6.472791,1,256,34404,3,1749896532,8192,4096,28672,37168,5368709120,4096,512,6,0,0,0,6,0,45056,1024,0,0,1,3,33120,16,0,0,1,0,0,0.0,0.0,3.93688,0.0,0.0,7.309358,0.0,3.748746,1,2,1,0,12,0,0,126,9.98,0,0,0,0
1071_sqlite3.exe,benign,e2c7b35deb6d0bdefe20c2b18916c781,597859afa23359df3863aeb568e6b257cc13a58006ce29087df717be2701ed1d,1078784,7.935667,1,264,34404,3,1749232806,1077248,4096,1347584,2427568,5368709120,4096,512,6,0,0,0,6,0,2433024,1024,0,0,1,3,33120,16,0,0,0,0,0,0.0,0.0,0.0,0.0,0.0,7.936896,0.0,3.20504,1,3,1,0,4,0,0,15637,4.74,0,0,0,0
1072_sxpm.exe,benign,774ac895b9f2386ffd18822a00038fd9,1ea2909958db3dde2f5e0ea5226f753f514c52de57628d7a6d776cdf866689e8,103587,6.462695,1,128,34404,3,1727801581,53248,4096,151552,207888,5368709120,4096,512,4,0,0,0,5,2,212992,512,0,0,1,3,352,16,0,0,1,0,0,0.0,0.0,4.821404,0.0,0.0,7.843073,0.0,4.221492,1,2,1,0,17,0,1,2320,9.0,0,0,0,0
1076_testcon.exe,benign,c8a540ceb21ee55234ce1a1ce6299148,3df61a8ce1245b00e2a784aaf1cb9d86fcbad76ad4dffeff9de8308559046ab2,216576,7.921855,1,272,34404,3,1747028008,212992,4096,475136,690400,5368709120,4096,512,6,0,0,0,6,0,696320,1024,0,0,1,2,33120,16,0,0,1,0,0,0.0,0.0,4.46934,0.0,0.0,7.939663,0.0,4.136334,1,2,1,0,21,0,1,3509,5.16,0,0,0,0
1077_testsolv.exe,benign,ff3d3cfdcb3613efd653e1ee91befb09,1acafd74a37e342d2cdc62dccc2f4836d95ad875cab649cde9df09197722ec41,12288,7.032645,1,248,34404,3,1749043969,12288,4096,32768,45232,5368709120,4096,512,6,0,0,0,6,0,53248,1024,0,0,1,3,33120,16,0,0,1,0,0,0.0,0.0,4.078473,0.0,0.0,7.566194,0.0,3.881556,1,2,1,0,13,0,0,206,8.05,0,0,0,0
1078_tiff2bw.exe,benign,b0c31289f58f7b3222629c91efe17a29,f1c8735cfcf898a3f645cb597204a1445992f50b94f6468420fc44c5128e2c96,12288,6.824439,1,272,34404,3,1747067153,12288,4096,32768,44480,5368709120,4096,512,6,0,0,0,6,0,53248,1024,0,0,1,3,33120,16,0,0,1,0,0,0.0,0.0,3.715955,0.0,0.0,7.654516,0.0,3.790157,1,2,1,0,13,0,0,211,8.4,0,0,0,0
1079_tiff2pdf.exe,benign,4b49085d8d6e64c43dc9a88bdb46326f,dfb838f5277f6a312419a0ef0b9d636ebcbab137090c222fdf59a6b09e7dc958,36352,7.689824,1,264,34404,3,1747067153,32768,4096,77824,113632,5368709120,4096,512,6,0,0,0,6,0,118784,1024,0,0,1,3,33120,16,0,0,1,0,0,0.0,0.0,3.979664,0.0,0.0,7.88224,0.0,3.953968,1,2,1,0,15,0,0,608,6.2,0,0,0,0
107_courgette64.exe,benign,67fd47f000b4dbbae934887adc68c3e9,6f1ba000d3138858e8c3f41487b0eb3bbea7b2be4eba00bcdaa99d002cee1ff9,622000,7.933041,1,120,34404,3,1696136400,610304,4096,1208320,1819280,5368709120,4096,512,5,2,0,0,5,2,1826816,512,0,0,1,3,33120,16,0,0,1,0,0,0.0,0.0,4.678294,0.0,0.0,7.935682,0.0,4.204659,1,2,1,0,11,0,1,8825,5.07,1,0,0,0
1080_tiff2ps.exe,benign,eadcd5d88140670c37c758f74ee72864,d57f84e6db21ea6d70373e04e199e754e798983963c45717d254fb3e0889feb5,26624,7.533605,1,272,34404,3,1747067154,24576,4096,49152,75088,5368709120,4096,512,6,0,0,0,6,0,81920,1024,0,0,1,3,33120,16,0,0,1,0,0,0.0,0.0,3.755088,0.0,0.0,7.852022,0.0,3.869037,1,2,1,0,13,0,0,469,6.35,0,0,0,0
1081_tiff2rgba.exe,benign,b66434abd7b3bc4c366d8ab5fb52dc2d,741f586bead0b282cf4dfc967a4f5006c81ee000de27b9dfa1763f21c322e4ee,12288,6.744119,1,256,34404,3,1747067154,12288,4096,32768,44320,5368709120,4096,512,6,0,0,0,6,0,53248,1024,0,0,1,3,33120,16,0,0,1,0,0,0.0,0.0,3.730769,0.0,0.0,7.569731,0.0,3.766833,1,2,1,0,13,0,0,194,8.77,0,0,0,0
1082_tiffcmp.exe,benign,c9110a309b06ff19b2859b5fb20a0754,937755ed4c852d7f8c06a3b6d8e3c282fe1b540bd7ea0a0b95399b58e2369ec1,12800,6.941384,1,272,34404,3,1747067154,12288,4096,32768,45184,5368709120,4096,512,6,0,0,0,6,0,53248,1024,0,0,1,3,33120,16,0,0,1,0,0,0.0,0.0,3.624269,0.0,0.0,7.737907,0.0,3.787392,1,2,1,0,12,0,0,223,8.08,0,0,0,0
1083_tiffcp.exe,benign,2608429c3d424c3b99479c321f9282cd,78832e8bd244163f8f619df2738f1b8acf2d840716b4480ca355f22235825e21,20992,7.38828,1,272,34404,3,1747067154,20480,4096,45056,65456,5368709120,4096,512,6,0,0,0,6,0,73728,1024,0,0,1,3,33120,16,0,0,1,0,0,0.0,0.0,3.780862,0.0,0.0,7.813246,0.0,3.864703,1,2,1,0,13,0,0,355,7.17,0,0,0,0
1084_tiffcrop.exe,benign,c3b1edd3efe733cf7832fd7e627fe7f7,6c23bda434d780e4f274a2a27d055a967105c8d3d9d2b72456bfd452bd17fee7,52224,7.795684,1,264,34404,3,1747067154,49152,4096,81920,133760,5368709120,4096,512,6,0,0,0,6,0,139264,1024,0,0,1,3,33120,16,0,0,1,0,0,0.0,0.0,3.752433,0.0,0.0,7.916541,0.0,3.889658,1,2,1,0,13,0,0,899,5.66,0,0,0,0
1085_tiffdither.exe,benign,5c1c4c8a6596bf1e4707af5ab9bf18f3,b13510e8fa9fe7e92c4e5d41577fa313fa3d80df8e1382de2b46c90b06b2ed37,11776,6.698378,1,256,34404,3,1747067154,8192,4096,32768,43856,5368709120,4096,512,6,0,0,0,6,0,49152,1024,0,0,1,3,33120,16,0,0,1,0,0,0.0,0.0,3.723673,0.0,0.0,7.568838,0.0,3.76417,1,2,1,0,13,0,0,206,8.56,0,0,0,0
1086_tiffdump.exe,benign,0d330fddee1a1ce45145d7b05296c6c0,c92f828a8c234b3480bb448f8e387aa7de858bcb651d7bf5f5c813d054bba18f,13312,7.005622,1,280,34404,3,1747067154,12288,4096,36864,49760,5368709120,4096,512,6,0,0,0,6,0,57344,1024,0,0,1,3,33120,16,0,0,1,0,0,0.0,0.0,3.697632,0.0,0.0,7.75057,0.0,3.816067,1,2,1,0,13,0,0,262,7.66,0,0,0,0
1087_tiffinfo.exe,benign,0f1400d9a982ed9b3d79b1df9d105e8a,b43d47b5b7a5e50ed68084575760b372ecddacf892378d4d3523080f68d3b9ff,13312,6.925848,1,256,34404,3,1747067154,12288,4096,32768,45536,5368709120,4096,512,6,0,0,0,6,0,53248,1024,0,0,1,3,33120,16,0,0,1,0,0,0.0,0.0,3.596525,0.0,0.0,7.700625,0.0,3.765717,1,2,1,0,12,0,0,239,8.08,0,0,0,0
1088_tiffmedian.exe,benign,23c25f34ef9adcbe128ad0433d3bf7b9,630044812570aed3f30cba1e752b444e5cb87d8525f24fbddbdd524ee7f17eac,14848,7.067946,1,272,34404,3,1747067154,12288,4096,163840,178112,5368709120,4096,512,6,0,0,0,6,0,184320,1024,0,0,1,3,33120,16,0,0,1,0,0,0.0,0.0,3.807282,0.0,0.0,7.708613,0.0,3.838632,1,2,1,0,13,0,0,251,7.92,0,0,0,0
1089_tiffset.exe,benign,c0ff47566cacb274de706d864d3c7e5e,8f0c2aace53b0360b5ad1e0539cdcbd9cd6040e88c0feeabab3a63a233801895,11264,6.513433,1,272,34404,3,1747067154,8192,4096,32768,43216,5368709120,4096,512,6,0,0,0,6,0,49152,1024,0,0,1,3,33120,16,0,0,1,0,0,0.0,0.0,3.607246,0.0,0.0,7.443083,0.0,3.683443,1,2,1,0,12,0,0,181,8.73,0,0,0,0
1090_tiffsplit.exe,benign,03758e12aab0ab624bfe55b2211c753c,79cf95ae0ed6384ab0d5d28ed5e33a741d72b8700ca3f3d3cecb4281dfee858e,11264,6.777443,1,272,34404,3,1747067154,8192,4096,40960,51840,5368709120,4096,512,6,0,0,0,6,0,57344,1024,0,0,1,3,33120,16,0,0,1,0,0,0.0,0.0,3.73964,0.0,0.0,7.680932,0.0,3.806857,1,2,1,0,13,0,0,184,8.9,0,0,0,0
1091_tificc.exe,benign,7f2e8f56fc1e1a5d1f8c5a95bad060c5,d3739a84cb4e394c221d3c1726758d02dc632b9ec4d7f05d1f6b4789f8f0fe98,115712,7.896444,1,248,34404,3,1739160983,114688,4096,184320,300528,5368709120,4096,512,6,0,0,0,6,0,307200,1024,0,0,1,3,33120,16,0,0,1,0,0,0.0,0.0,4.501023,0.0,0.0,7.918555,0.0,4.139859,1,2,1,0,15,0,0,1848,5.37,0,0,0,0
1092_tjbench.exe,benign,6161ac269d4dc11a728d3ea74e454898,ae2acf7e40e5cc92e763d00012b2c19f7152b7f6c775cb517cd31eac94b4e910,112128,7.895973,1,280,34404,3,1745268273,110592,4096,155648,268816,5368709120,4096,512,6,0,0,0,6,0,274432,1024,0,0,1,3,33120,16,0,0,1,0,0,0.0,0.0,3.830866,0.0,0.0,7.918109,0.0,3.916325,1,2,1,0,5,0,0,1699,5.09,0,0,0,0
1093_tracegen.exe,benign,c345a175c5008ff80e9df2b7b4324fec,2a148a5e47157c6ac8d0267f4303df58e6627444d7da91710f0c810863b88863,280064,7.901113,1,288,34404,3,1747025603,278528,4096,598016,877024,5368709120,4096,512,6,0,5,15,6,0,884736,1024,0,0,1,3,33120,16,0,0,1,0,0,0.0,0.0,4.195371,0.0,0.0,7.914178,0.0,4.036516,1,2,1,0,18,0,1,4743,5.43,0,0,0,0
1094_transicc.exe,benign,cbec59231593c147311405823fb87ce2,1a5b105af432195bab0ec7f8c87564a5a748de8626d235717ba3390b9b6215a1,216576,7.92192,1,272,34404,3,1739160994,217088,4096,303104,520544,5368709120,4096,512,6,0,0,0,6,0,528384,1024,0,0,1,3,33120,16,0,0,1,0,0,0.0,0.0,3.651876,0.0,0.0,7.931357,0.0,3.861078,1,2,1,0,4,0,0,3343,5.02,0,0,0,0
1095_tred.exe,benign,14af47f2e05c8294e22c30766befca70,90bcfcedf9101323397516a431bbf33f1b039390f8a3de651a4de27b86334f5b,8704,6.625001,1,256,34404,3,1749896536,8192,4096,32768,41840,5368709120,4096,512,6,0,0,0,6,0,49152,1024,0,0,1,3,33120,16,0,0,1,0,0,0.0,0.0,3.946856,0.0,0.0,7.4205,0.0,3.789119,1,2,1,0,12,0,0,157,9.29,0,0,0,0
1096_twopi.exe,benign,e7a993ff8afe3d91c14f8a59ec2800be,25fcfcee67b28589eaddf53d928138322a3681023c20792726aea759caab5fbd,8192,6.472791,1,256,34404,3,1749896532,8192,4096,28672,37168,5368709120,4096,512,6,0,0,0,6,0,45056,1024,0,0,1,3,33120,16,0,0,1,0,0,0.0,0.0,3.93688,0.0,0.0,7.309358,0.0,3.748746,1,2,1,0,12,0,0,126,9.98,0,0,0,0
1097_uic.exe,benign,09a77d186f74f7048cd7c6c9946f8faa,2c9f98ec17ddc4182a0cdb9544c559b20b96fe6fded495ba21f33572af198d11,133120,7.892641,1,256,34404,3,1747026312,131072,4096,274432,406816,5368709120,4096,512,6,0,5,15,6,0,413696,1024,0,0,1,3,33120,16,0,0,1,0,0,0.0,0.0,4.35675,0.0,0.0,7.92257,0.0,4.093107,1,2,1,0,12,0,1,2277,5.24,0,0,0,0
1098_unflatten.exe,benign,847a44c4a248827581a3ae1323278a2b,be84fd40b131088f687af196eca61c6cfd4ff046afe5b097ae0be5b80ee36897,9216,6.686944,1,264,34404,3,1749896536,8192,4096,32768,42256,5368709120,4096,512,6,0,0,0,6,0,49152,1024,0,0,1,3,33120,16,0,0,1,0,0,0.0,0.0,4.092702,0.0,0.0,7.407065,0.0,3.833256,1,2,1,0,13,0,0,182,8.75,0,0,0,0
1099_webpinfo.exe,benign,8c7daeedca6bda894428d1b92b3fbbba,1c4d5ec727830d32457f5efcb9d461871a313a373d112547f0c34290375e23a3,16896,7.36966,1,264,34404,3,1734956074,16384,4096,40960,58144,5368709120,4096,512,6,0,0,0,6,0,65536,1024,0,0,1,3,33120,16,0,0,1,0,0,0.0,0.0,3.972188,0.0,0.0,7.738311,0.0,3.9035,1,2,1,0,12,0,0,317,7.08,0,0,0,0
109_Docker Desktop.exe,benign,7e22c0eabdeec28f7882fe615cc51f10,866d324eb2607f188bba9f1640fe41f40e4809d09258824879cea53bf7aa842f,4519856,7.90012,1,128,34404,3,0,4395008,118784,9154560,13551504,5368709120,4096,512,6,1,1,0,6,1,13672448,512,0,0,1,2,33120,16,0,0,1,0,0,0.0,0.0,4.031982,0.0,0.0,7.922144,0.0,3.984709,1,2,1,0,4,0,0,58274,4.76,1,0,0,0
10_7z.exe,benign,88b6e7d95c14950ca427b0fdaa252225,43345a0220b13c4fc5388ca4986829c457ff620e9ed28a77e8973bb9efa78877,218112,7.910246,1,240,34404,3,1754200800,217088,4096,385024,602560,4194304,4096,512,4,0,0,0,5,2,610304,1024,0,0,1,3,33120,16,0,0,1,0,0,0.0,0.0,4.708813,0.0,0.0,7.922933,0.0,4.210582,1,2,1,0,8,0,0,3508,5.23,1,0,0,0
1100_webpmux.exe,benign,af5af5a0f53ebc94caf524d5e7bb9549,b9534502cc5435182d7056325c657c8032e45c73f685b27f3620cb3a9f6cb843,16896,7.417902,1,264,34404,3,1734956072,16384,4096,40960,58240,5368709120,4096,512,6,0,0,0,6,0,65536,1024,0,0,1,3,33120,16,0,0,1,0,0,0.0,0.0,4.2647,0.0,0.0,7.76448,0.0,4.009727,1,2,1,0,14,0,0,345,7.08,0,0,0,0
1101_windeployqt.exe,benign,6656758f0819745bc8adbbe8bb4072da,635a9d7dc669863c29fa61ca83b64f06239726e2c9d2fa6f4d96971b0b291879,413184,7.915979,1,288,34404,3,1747031617,409600,4096,851968,1263744,5368709120,4096,512,6,0,5,15,6,0,1269760,1024,0,0,1,3,33120,16,0,0,1,0,0,0.0,0.0,4.552617,0.0,0.0,7.923592,0.0,4.158736,1,2,1,0,22,0,1,6873,5.24,0,0,0,0
1102_wish.exe,benign,5bb8da15bc5b8507ea7ad69e56ac25a8,0c6cc05aa315d3f87dbb88a6ab15814611fc8cdebbac83eb564aa283e2af8014,54272,4.255574,1,264,34404,3,1748387747,8192,49152,73728,82080,5368709120,4096,512,6,0,0,0,6,0,135168,1024,0,0,1,2,33120,16,0,0,1,0,0,0.0,0.0,3.797916,0.0,0.0,7.188179,0.0,3.662032,1,2,1,0,12,0,0,210,13.01,1,0,0,0
1103_wish86.exe,benign,5bb8da15bc5b8507ea7ad69e56ac25a8,0c6cc05aa315d3f87dbb88a6ab15814611fc8cdebbac83eb564aa283e2af8014,54272,4.255574,1,264,34404,3,1748387747,8192,49152,73728,82080,5368709120,4096,512,6,0,0,0,6,0,135168,1024,0,0,1,2,33120,16,0,0,1,0,0,0.0,0.0,3.797916,0.0,0.0,7.188179,0.0,3.662032,1,2,1,0,12,0,0,210,13.01,1,0,0,0
1104_wish86t.exe,benign,5bb8da15bc5b8507ea7ad69e56ac25a8,0c6cc05aa315d3f87dbb88a6ab15814611fc8cdebbac83eb564aa283e2af8014,54272,4.255574,1,264,34404,3,1748387747,8192,49152,73728,82080,5368709120,4096,512,6,0,0,0,6,0,135168,1024,0,0,1,2,33120,16,0,0,1,0,0,0.0,0.0,3.797916,0.0,0.0,7.188179,0.0,3.662032,1,2,1,0,12,0,0,210,13.01,1,0,0,0
1105_wrjpgcom.exe,benign,6a9ca87ced00dec63659ea199bac3033,e5fc1af4883eb1899deae7f66e90592065cc8b6dee2c363adf98441a4e55284c,79360,7.867038,1,272,34404,3,1745268312,77824,4096,106496,186768,5368709120,4096,512,6,0,0,0,6,0,192512,1024,0,0,1,3,33120,16,0,0,1,0,0,0.0,0.0,3.652458,0.0,0.0,7.904905,0.0,3.852454,1,2,1,0,4,0,0,1133,5.22,0,0,0,0
1106_xmlcatalog.exe,benign,bb8f514187ae8f88b4706a0530fb497c,0064667c31b0d1492a9d9884a9ef02b782d0501262e82a1d20fa14a9944f63ab,10752,7.192627,1,256,34404,3,1746634399,12288,4096,32768,44672,5368709120,4096,512,6,0,2,13,6,0,53248,1024,0,0,1,3,33120,16,0,0,0,0,0,0.0,0.0,0.0,0.0,0.0,7.728703,0.0,3.721949,1,3,1,0,13,0,0,213,6.63,0,0,0,0
1107_xmllint.exe,benign,fcfa6b6d9af1d8ea3bf7953cb3b5272b,dd3ac36ae20b15392c56f3b7394501311c010321baf380b9ed9223a45e57293e,24576,7.701994,1,256,34404,3,1746634398,24576,4096,102400,128080,5368709120,4096,512,6,0,2,13,6,0,135168,1024,0,0,1,3,33120,16,0,0,0,0,0,0.0,0.0,0.0,0.0,0.0,7.869071,0.0,3.956979,1,3,1,0,15,0,0,473,5.77,0,0,0,0
1108_xmlpatterns.exe,benign,a81a821eef2a5a8936047821d4f9b043,4148873ad87b445bea15a7e8ba372b13488742dbbec228e1e0ec121c664b1406,29184,7.587689,1,264,34404,3,1747031063,28672,4096,65536,93872,5368709120,4096,512,6,0,5,15,6,0,102400,1024,0,0,1,3,33120,16,0,0,1,0,0,0.0,0.0,4.299911,0.0,0.0,7.840317,0.0,4.046743,1,2,1,0,12,0,1,504,6.69,0,0,0,0
1109_xmlpatternsvalidator.exe,benign,88cde3eb4f5377c411166a271a36f2ea,5d93e0e37b2a5a929f8076b94f5e8771190fe803d8dae2202eb27066c4299ee2,9728,6.370957,1,264,34404,3,1747031063,8192,4096,28672,37536,5368709120,4096,512,6,0,5,15,6,0,45056,1024,0,0,1,3,33120,16,0,0,1,0,0,0.0,0.0,4.296095,0.0,0.0,7.265835,0.0,3.853977,1,2,1,0,12,0,0,143,11.52,0,0,0,0
110_DockerCli.exe,benign,a33c65f9a66e100a4aca2245416ec9b8,c9ad244524023f2f5489e16c44c529f9b4663bd28872a4f1394bddffe6bbd6dc,5203888,7.903453,1,128,34404,3,0,5079040,118784,10698752,15779488,5368709120,4096,512,6,1,1,0,6,1,15900672,512,0,0,1,3,33120,16,0,0,1,0,0,0.0,0.0,4.030493,0.0,0.0,7.921903,0.0,3.984132,1,2,1,0,4,0,0,67409,4.74,1,0,0,0
1110_xsltproc.exe,benign,c034d7388f14c2d41f063e21b369a288,a16ca4b50abc923e2ec2bf520d4bc05726c06a36e8e9cca4ddb1726e9adb3688,13312,7.097127,1,264,34404,3,1753273678,12288,4096,32768,46368,5368709120,4096,512,6,0,0,0,6,0,53248,1024,0,0,1,3,33120,16,0,0,0,0,0,0.0,0.0,0.0,0.0,0.0,7.666537,0.0,3.605563,1,3,1,0,17,0,0,262,6.85,0,0,0,0
1111_zstd.exe,benign,26f7f3ed61392005dacad048a158d367,be7385ca496126cc3388c1b50362cc8e4aed3baf623eebf46463403347a7919d,71168,7.84115,1,272,34404,3,1742433459,69632,4096,118784,189920,5368709120,4096,512,6,0,0,0,6,0,196608,1024,0,0,1,3,33120,16,0,0,1,0,0,0.0,0.0,3.902763,0.0,0.0,7.905571,0.0,3.936111,1,2,1,0,17,0,0,1208,5.5,0,0,0,0
1112_x86_64-w64-mingw32-nmakehlp.exe,benign,734e019d63f05a3c0b5711deb7bcfdf4,cad4ecc33d82af1d014b68df8460e1f0f74bc1110612482baf88112071af2691,11264,7.524621,1,128,34404,3,0,12288,4096,45056,58576,4194304,4096,512,4,0,0,0,5,2,65536,512,0,0,1,3,0,16,0,0,0,0,0,0.0,0.0,0.0,0.0,0.0,7.788198,0.0,3.282778,1,3,1,0,6,0,1,215,5.91,0,0,0,0
1113_gst-completion-helper.exe,benign,505a8227be2987e5061734db1d233a78,27932e06fc5c23f9bd661d022ce42c3ac0049a26194631cdc5657b287b2dfbd5,10240,7.00289,1,248,34404,3,1745093645,8192,4096,28672,39792,5368709120,4096,512,6,0,0,0,6,0,45056,1024,0,0,1,3,33120,16,0,0,0,0,0,0.0,0.0,0.0,0.0,0.0,7.58035,0.0,3.698155,1,3,1,0,13,0,0,184,7.21,0,0,0,0
1114_gst-hotdoc-plugins-scanner.exe,benign,6649bde8a130a03880e469a6fd9b97ae,4fc861b64c4a7ae1c35b617c0f75c6cf237fa6bb2a7e6df4b6209f63a456b7a8,17920,7.489288,1,264,34404,3,1745093646,16384,4096,40960,59712,5368709120,4096,512,6,0,0,0,6,0,65536,1024,0,0,1,3,33120,16,0,0,0,0,0,0.0,0.0,0.0,0.0,0.0,7.782146,0.0,3.781272,1,3,1,0,14,0,0,338,6.0,0,0,0,0
1115_gst-plugin-scanner.exe,benign,4d6a3c8a2e32c647373f17975e3b690a,a5af49d2adb751ae2a5a88fd3039e946c5f073f419a5a9c4388b83da96c55407,7680,6.746758,1,248,34404,3,1745093645,8192,4096,28672,37472,5368709120,4096,512,6,0,0,0,6,0,45056,1024,0,0,1,3,33120,16,0,0,0,0,0,0.0,0.0,0.0,0.0,0.0,7.568818,0.0,3.60135,1,3,1,0,12,0,0,143,7.57,0,0,0,0
1116_gst-ptp-helper.exe,benign,ea71176763687538078932a031bb62e7,45bc88fb7f26f87a53de357264c8f97ccd2be2f74783dac433361c7f348e4589,107520,7.878959,1,232,34404,3,1745093645,106496,4096,176128,283760,5368709120,4096,512,6,0,0,0,6,0,290816,1024,0,0,1,3,33120,16,0,0,0,0,0,0.0,0.0,0.0,0.0,0.0,7.915639,0.0,3.673891,1,3,1,0,16,0,1,1504,5.1,0,0,0,0
1117_lzopack.exe,benign,45b81a15d66514b9fe0e389f96eb8c3b,a4f11d36f4f50ce959a9d9cc8f91423c0160cd6a0af691b473597f8a4a937af9,17408,7.450848,1,248,34404,3,1713515954,16384,4096,36864,54800,5368709120,4096,512,6,0,0,0,6,0,61440,1024,0,0,1,3,33120,16,0,0,1,0,0,0.0,0.0,3.874716,0.0,0.0,7.804266,0.0,3.892994,1,2,1,0,11,0,0,314,7.03,0,0,0,0
1118_lzotest.exe,benign,a6a25c05b19a965581fa0ea3b1951d35,732de84c004d0794f17031504515e1462a3980644bdb118605c26d4e6e1e5401,53760,7.797201,1,264,34404,3,1713515953,53248,4096,118784,172704,5368709120,4096,512,6,0,0,0,6,0,180224,1024,0,0,1,3,33120,16,0,0,1,0,0,0.0,0.0,4.296306,0.0,0.0,7.874357,0.0,4.056888,1,2,1,0,13,0,0,830,5.79,1,0,0,0
1119_simple.exe,benign,1a3f13de5227d855060aecb78210f5dd,e554aa04134373e152a5f0eb525d16d433a6645af9bccea6428bab33f5708aae,10752,6.933623,1,240,34404,3,1713515956,8192,4096,32768,43920,5368709120,4096,512,6,0,0,0,6,0,49152,1024,0,0,1,3,33120,16,0,0,1,0,0,0.0,0.0,3.743413,0.0,0.0,7.594557,0.0,3.779323,1,2,1,0,10,0,0,182,8.55,0,0,0,0
1120_testmini.exe,benign,f506379a820973c62487b3937ed8a196,0bc6f945861ae981d90a354df0c275fe3c48c3ae24e2a721e2e56fca5695a952,10752,6.904725,1,240,34404,3,1713515957,8192,4096,434176,445216,5368709120,4096,512,6,0,0,0,6,0,450560,1024,0,0,1,3,33120,16,0,0,1,0,0,0.0,0.0,3.897803,0.0,0.0,7.539028,0.0,3.812277,1,2,1,0,10,0,0,158,9.49,0,0,0,0
1121_xgboost.exe,benign,72af38228a2de5a0e0b816730ad9b9b8,9633ab1f37f5d92c7ba8b65fa4d141a98e2a86056de69f83ddae1e17791e8ec4,899584,7.895748,1,264,34404,3,1713398266,897024,4096,2416640,3309504,5368709120,4096,512,6,0,0,0,6,0,3321856,1024,0,0,1,3,33120,16,0,0,1,0,0,0.0,0.0,4.347229,0.0,0.0,7.899141,0.0,4.082123,1,2,1,0,20,0,1,12626,4.8,0,0,0,0
1122_brotli.exe,benign,c5fa6aa1ef83d281ad274ee661c3dc1e,349a07535cbe10e5c6d0d31af967756d33a9f943e58432f326c565f5c2e20a63,15360,7.347399,1,248,34404,3,1749230391,16384,4096,40960,56672,5368709120,4096,512,6,0,0,0,6,0,65536,1024,0,0,1,3,33120,16,0,0,1,0,0,0.0,0.0,4.42143,0.0,0.0,7.725371,0.0,4.048934,1,2,1,0,15,0,0,303,7.51,0,0,0,0
1123_inject_dll_amd64.exe,benign,3ba0fb77fe6cf74067c367713cce389e,da0684fad552714d143332b2d06840a71389f93065674870dbd4a47de3b4c6b3,114688,7.893927,1,264,34404,3,1744321563,114688,4096,159744,276000,5368709120,4096,512,6,0,0,0,6,0,282624,1024,0,0,1,3,33120,16,0,0,0,0,0,0.0,0.0,0.0,0.0,0.0,7.913385,0.0,3.20745,1,3,1,0,4,0,0,1722,4.86,0,0,0,0
1124_debugpy-adapter.exe,benign,64b4940b55257e914cd135f8cae0533e,984c80d48874da5f69603d219f8d604354bcfe1d9265105ae62ce5690c497414,62837,7.266197,1,248,34404,3,1659768065,40960,24576,98304,140976,5368709120,4096,512,5,2,0,0,5,2,167936,1024,0,0,1,3,33088,16,0,0,1,0,0,0.0,0.0,5.439737,0.0,0.0,7.893608,0.0,4.444448,1,2,1,0,5,0,0,779,6.33,0,0,0,0
1125_debugpy.exe,benign,6aa253d26c8c64c340b264dc68539266,8a9cf8166dbf215bcdc407e484aaa7ecdfe1b7df43d70f066424decaccdfc8b8,62831,7.266197,1,248,34404,3,1659768065,40960,24576,98304,140976,5368709120,4096,512,5,2,0,0,5,2,167936,1024,0,0,1,3,33088,16,0,0,1,0,0,0.0,0.0,5.439737,0.0,0.0,7.893608,0.0,4.444448,1,2,1,0,5,0,0,779,6.33,0,0,0,0
1126_fc-cache.exe,benign,26e2e0c6e84b187564552acb78bb7fda,efc871e69623408362fa2100467494f47b5dd112c712597d2956423b7ae051d7,8704,6.819143,1,240,34404,3,1730283898,8192,4096,28672,38368,5368709120,4096,512,6,0,0,0,6,0,45056,1024,0,0,1,3,33120,16,0,0,0,0,0,0.0,0.0,0.0,0.0,0.0,7.529298,0.0,3.614417,1,3,1,0,12,0,0,164,7.15,0,0,0,0
1127_fc-cat.exe,benign,3b966495d3919dd92761daca0a65bc74,74f52259a97c813165276d88dd799751b6002c55c1712749cdc70701730ea798,8704,6.760337,1,248,34404,3,1730283898,8192,4096,28672,38272,5368709120,4096,512,6,0,0,0,6,0,45056,1024,0,0,1,3,33120,16,0,0,0,0,0,0.0,0.0,0.0,0.0,0.0,7.475966,0.0,3.571687,1,3,1,0,12,0,0,140,7.51,0,0,0,0
1128_fc-conflist.exe,benign,d608244ce9728e4666966296802dfdfb,63b195663f341ffc9021e9c66366cd0a4ef1d7a5a0eef610e1ac5766c3710122,6656,6.498579,1,240,34404,3,1730283898,8192,4096,24576,32384,5368709120,4096,512,6,0,0,0,6,0,40960,1024,0,0,1,3,33120,16,0,0,0,0,0,0.0,0.0,0.0,0.0,0.0,7.487484,0.0,3.511634,1,3,1,0,11,0,0,111,7.76,0,0,0,0
1129_fc-list.exe,benign,cbfee20f816411858808e51a3ea56058,5020133115052b855a87a1932767967096ba49b5a988db7c01ac1c56ba1e9a13,7168,6.428989,1,240,34404,3,1730283898,8192,4096,24576,32672,5368709120,4096,512,6,0,0,0,6,0,40960,1024,0,0,1,3,33120,16,0,0,0,0,0,0.0,0.0,0.0,0.0,0.0,7.340663,0.0,3.461152,1,3,1,0,11,0,0,108,8.21,0,0,0,0
1130_fc-match.exe,benign,9744c046ff216a34ae46e0b9dc4f9848,e4ffa2df39e1eebff8e3e40bad0e2497b8f5cefc35bdbc1573da0d15fee53524,7168,6.510513,1,240,34404,3,1730283898,8192,4096,24576,32768,5368709120,4096,512,6,0,0,0,6,0,40960,1024,0,0,1,3,33120,16,0,0,0,0,0,0.0,0.0,0.0,0.0,0.0,7.421538,0.0,3.488717,1,3,1,0,11,0,0,117,8.06,0,0,0,0
1131_fc-pattern.exe,benign,eda86381e07153da24e1c858512ad65b,ceead0b57192dd289d3aa2e0c392307853285ac39cb7adc85d576b33d71d2462,7168,6.302642,1,248,34404,3,1730283898,8192,4096,24576,32544,5368709120,4096,512,6,0,0,0,6,0,40960,1024,0,0,1,3,33120,16,0,0,0,0,0,0.0,0.0,0.0,0.0,0.0,7.199896,0.0,3.415161,1,3,1,0,11,0,0,112,7.92,0,0,0,0
1132_fc-query.exe,benign,b9a58d2b5c361edd44fe03b777fc1e6e,a8452f082f70c938b5a8f950e992900af120d1aea6e11ceb6952131848d54c23,7168,6.54885,1,256,34404,3,1730283898,8192,4096,24576,32816,5368709120,4096,512,6,0,0,0,6,0,40960,1024,0,0,1,3,33120,16,0,0,0,0,0,0.0,0.0,0.0,0.0,0.0,7.46813,0.0,3.505502,1,3,1,0,11,0,0,135,7.32,0,0,0,0
1133_fc-scan.exe,benign,4ef726c4e745c1e2503509997229df2b,279b3f9403cd4c997f76f013fc1af46dc8d29c43c38740fd05ff9ab26dd81905,7680,6.37324,1,240,34404,3,1730283898,8192,4096,24576,32976,5368709120,4096,512,6,0,0,0,6,0,40960,1024,0,0,1,3,33120,16,0,0,0,0,0,0.0,0.0,0.0,0.0,0.0,7.214407,0.0,3.418476,1,3,1,0,11,0,0,120,7.87,0,0,0,0
1134_fc-validate.exe,benign,bdefc7fdad4270bab4502742aea4abef,5594138389ce9949499c5e1b00b1d9fdf0cca103f000780a21f78f63d4053c52,8192,6.802522,1,264,34404,3,1730283898,8192,4096,28672,37952,5368709120,4096,512,6,0,0,0,6,0,45056,1024,0,0,1,3,33120,16,0,0,0,0,0,0.0,0.0,0.0,0.0,0.0,7.563933,0.0,3.575146,1,3,1,0,12,0,0,141,7.6,0,0,0,0
1135_fonttools.exe,benign,512505b9806c34354d3e0dab4a22b006,25d9dc601911f9da135b2a88391bdb3f3711c4909a0a4a6858cee1b61b5d96ba,30480,7.716451,1,128,34404,3,1583336598,16384,4096,376832,396128,4194304,4096,512,4,0,0,0,5,2,401408,512,0,0,1,3,0,16,0,0,1,0,0,0.0,0.0,4.550889,0.0,0.0,7.871266,0.0,4.140718,1,2,1,0,7,0,1,548,10.1,1,0,0,0
1136_pyftmerge.exe,benign,512505b9806c34354d3e0dab4a22b006,25d9dc601911f9da135b2a88391bdb3f3711c4909a0a4a6858cee1b61b5d96ba,30480,7.716451,1,128,34404,3,1583336598,16384,4096,376832,396128,4194304,4096,512,4,0,0,0,5,2,401408,512,0,0,1,3,0,16,0,0,1,0,0,0.0,0.0,4.550889,0.0,0.0,7.871266,0.0,4.140718,1,2,1,0,7,0,1,548,10.1,1,0,0,0
1137_pyftsubset.exe,benign,512505b9806c34354d3e0dab4a22b006,25d9dc601911f9da135b2a88391bdb3f3711c4909a0a4a6858cee1b61b5d96ba,30480,7.716451,1,128,34404,3,1583336598,16384,4096,376832,396128,4194304,4096,512,4,0,0,0,5,2,401408,512,0,0,1,3,0,16,0,0,1,0,0,0.0,0.0,4.550889,0.0,0.0,7.871266,0.0,4.140718,1,2,1,0,7,0,1,548,10.1,1,0,0,0
1138_ttx.exe,benign,512505b9806c34354d3e0dab4a22b006,25d9dc601911f9da135b2a88391bdb3f3711c4909a0a4a6858cee1b61b5d96ba,30480,7.716451,1,128,34404,3,1583336598,16384,4096,376832,396128,4194304,4096,512,4,0,0,0,5,2,401408,512,0,0,1,3,0,16,0,0,1,0,0,0.0,0.0,4.550889,0.0,0.0,7.871266,0.0,4.140718,1,2,1,0,7,0,1,548,10.1,1,0,0,0
1139_fribidi.exe,benign,f6499c98f6f0c552c66b6a240f40681b,f301e365b36edba188663f08b86a33dd8fb0221ee199bac65ed714440fb1ba13,13312,7.210579,1,240,34404,3,1604416963,12288,4096,32768,46784,5368709120,4096,512,6,0,0,0,6,0,53248,1024,0,0,1,3,33120,16,0,0,0,0,0,0.0,0.0,0.0,0.0,0.0,7.634913,0.0,3.741902,1,3,1,0,14,0,0,259,6.78,0,0,0,0
113_winpty-agent.exe,benign,52b2d1411ff2f4a4a83e206e461a0229,964077de1e61ee9a6bc4560268af1fd95cb29d1e514a5125970f43119e626056,147888,7.902526,1,256,34404,3,1776929197,135168,4096,200704,338944,5368709120,4096,512,6,0,0,0,6,0,344064,1024,0,0,1,3,33120,16,0,0,1,0,0,0.0,0.0,4.300601,0.0,0.0,7.919371,0.0,4.073324,1,2,1,0,7,0,1,2213,5.83,1,0,0,0
1140_geosop.exe,benign,2b38d402e50d5652d4fd769848005e5a,b6d486e4d5a53eebc9f67cdd1ba8ab72e17c4a573b5f84b821657e22c00bd5a6,125952,7.85636,1,264,34404,3,1741051490,122880,4096,376832,502560,5368709120,4096,512,6,0,0,0,6,0,507904,1024,0,0,1,3,33120,16,0,0,1,0,0,0.0,0.0,3.871316,0.0,0.0,7.887887,0.0,3.919734,1,2,1,0,16,0,0,2022,5.24,0,0,0,0
1141_gi-compile-repository.exe,benign,5d825d25f2abe6358c41f425f1e357e6,6f3165505facfe2cfcd0e0aa8c4778664b2bf5a9a429d1eb56c9b92439647277,71168,7.858335,1,264,34404,3,1747836896,69632,4096,102400,174208,5368709120,4096,512,6,0,0,0,6,0,180224,1024,0,0,1,3,33120,16,0,0,0,0,0,0.0,0.0,0.0,0.0,0.0,7.910056,0.0,3.805726,1,3,1,0,19,0,0,1046,5.2,0,0,0,0
1142_gi-decompile-typelib.exe,benign,b70d1d5f19c0926408f17dca0a1963bc,d28f520ab74ea09121d833f1f60e22a97429218872fc9881abc214b8b34eb9d6,16896,7.430018,1,248,34404,3,1747836921,16384,4096,45056,62656,5368709120,4096,512,6,0,0,0,6,0,69632,1024,0,0,1,3,33120,16,0,0,0,0,0,0.0,0.0,0.0,0.0,0.0,7.741363,0.0,3.826343,1,3,1,0,14,0,0,312,6.42,0,0,0,0
1143_gi-inspect-typelib.exe,benign,a9bc6ee3210191c00b07a126abd69d4f,7aba979fd4742da6baf6a5e775f70f4de5c8b23fa71539031dbcd1fd21bc5207,8192,6.640163,1,264,34404,3,1747836921,8192,4096,28672,37664,5368709120,4096,512,6,0,0,0,6,0,45056,1024,0,0,1,3,33120,16,0,0,0,0,0,0.0,0.0,0.0,0.0,0.0,7.347657,0.0,3.669492,1,3,1,0,14,0,0,142,7.77,0,0,0,0
1144_glib-compile-resources.exe,benign,df6abfb797607ddef52a5bd5e7897ee8,45a4794b01589ab8678aee84dca48cf24d5a0c57a7d5af61eed5e8d2ea19711a,19968,7.460085,1,272,34404,3,1747836822,20480,4096,40960,61312,5368709120,4096,512,6,0,0,0,6,0,69632,1024,0,0,1,3,33120,16,0,0,0,0,0,0.0,0.0,0.0,0.0,0.0,7.811707,0.0,3.644728,1,3,1,0,16,0,0,394,6.2,0,0,0,0
1145_gobject-query.exe,benign,8d678b010fddd03d09af50e9b5cc1d4e,e40f2ce9dac93e4d0b554638cccbeeebb3ac7497c8d1ca4eb38f82bb12bc93fa,8192,6.663924,1,256,34404,3,1747836912,8192,4096,28672,37696,5368709120,4096,512,6,0,0,0,6,0,45056,1024,0,0,1,3,33120,16,0,0,0,0,0,0.0,0.0,0.0,0.0,0.0,7.381324,0.0,3.675416,1,3,1,0,14,0,0,148,8.03,0,0,0,0
1146_gdbus.exe,benign,d7a392c41972a0ab8abf5767dad68f15,2277263e0c8094e6a2a5b298942de521e595bc53e7916bc5fe03a206a01a7cd4,19968,7.650826,1,272,34404,3,1747836914,20480,4096,40960,62080,5368709120,4096,512,6,0,0,0,6,0,69632,1024,0,0,1,3,33120,16,0,0,0,0,0,0.0,0.0,0.0,0.0,0.0,7.873171,0.0,3.945733,1,3,1,0,15,0,0,382,5.86,0,0,0,0
1147_gio-querymodules.exe,benign,a18f571f12decf9fbd865041fdb94533,009b43ea2cf56e7a9d9e029a9069d3f2fb1e5af8e1e6c36ab9087da0dfd0d0d7,8192,6.609836,1,256,34404,3,1747836914,8192,4096,28672,37648,5368709120,4096,512,6,0,0,0,6,0,45056,1024,0,0,1,3,33120,16,0,0,0,0,0,0.0,0.0,0.0,0.0,0.0,7.359483,0.0,3.586418,1,3,1,0,13,0,0,138,7.62,0,0,0,0
1148_gio.exe,benign,a22d3177c5d80edf53acf43a5aab3347,25378afcae2a19498b65fd321df786c58cd1a6f4d0983be18c140c2952424333,30720,7.657877,1,256,34404,3,1747836914,28672,4096,65536,96560,5368709120,4096,512,6,0,0,0,6,0,102400,1024,0,0,1,3,33120,16,0,0,0,0,0,0.0,0.0,0.0,0.0,0.0,7.8599,0.0,3.637599,1,3,1,0,16,0,0,562,5.65,0,0,0,0
1149_glib-compile-schemas.exe,benign,c03fa30920071a390e4ecc3f37bd408c,f65c590599970d27feada7a432c843b020c798dc6fffa812e56b2d4ac2723d11,22016,7.593736,1,264,34404,3,1747836914,20480,4096,45056,67872,5368709120,4096,512,6,0,0,0,6,0,73728,1024,0,0,1,3,33120,16,0,0,0,0,0,0.0,0.0,0.0,0.0,0.0,7.819003,0.0,3.814027,1,3,1,0,13,0,0,402,5.88,0,0,0,0
114_buildkitd.exe,benign,319f2c484338a1645293f97aafeff7f1,c0d45018169c262b1f8f77c632cff2a4156f4a752fa8ede7abfa1531ca879a70,32852912,7.893806,1,128,34404,3,0,32841728,4096,43249664,76093984,5368709120,4096,512,6,1,1,0,6,1,76099584,512,0,0,1,3,33120,16,0,0,0,0,0,0.0,0.0,0.0,0.0,0.0,7.893791,0.0,3.118253,1,3,1,0,4,0,0,374986,4.65,1,0,0,0
1150_gresource.exe,benign,e1934d3d56086c3a7d9c711e7e99ed3c,7f8931ed6b1a285c1c999e82a82d95f92bb25f1e254df000d8a624a06d1395b6,9216,6.887099,1,248,34404,3,1747836914,8192,4096,28672,38784,5368709120,4096,512,6,0,0,0,6,0,45056,1024,0,0,1,3,33120,16,0,0,0,0,0,0.0,0.0,0.0,0.0,0.0,7.522445,0.0,3.708126,1,3,1,0,14,0,0,167,7.28,0,0,0,0
1151_gsettings.exe,benign,dab2f4d5fb02492a416a578840e7f44f,bb41ceb695448f94aa196fea01b8321cbf4f21e2f34acc9f86288a292ba7c449,13312,7.186883,1,256,34404,3,1747836914,12288,4096,32768,46624,5368709120,4096,512,6,0,0,0,6,0,53248,1024,0,0,1,3,33120,16,0,0,0,0,0,0.0,0.0,0.0,0.0,0.0,7.764926,0.0,3.580507,1,3,1,0,16,0,0,265,6.68,0,0,0,0
1152_gr2fonttest.exe,benign,81982e4f08b5e17e020438b4ef9cf173,b074cee2419f704801709d81c626fa8de5191ecb60d8af1401e67a8ba9aab122,13824,7.191704,1,264,34404,3,1750080066,12288,4096,32768,46832,5368709120,4096,512,6,0,0,0,6,0,53248,1024,0,0,1,3,33120,16,0,0,1,0,0,0.0,0.0,4.145045,0.0,0.0,7.652573,0.0,3.932539,1,2,1,0,13,0,0,252,7.5,0,0,0,0
1153_acyclic.exe,benign,a122a9abbf71ef0084ab3b21123ef123,8afce4b7173c6db20855d2462edae9bb4421f8e811a9577b3a8760df55f0f89c,9216,6.560182,1,256,34404,3,1749896536,8192,4096,32768,42112,5368709120,4096,512,6,0,0,0,6,0,49152,1024,0,0,1,3,33120,16,0,0,1,0,0,0.0,0.0,3.932562,0.0,0.0,7.300021,0.0,3.744194,1,2,1,0,12,0,0,165,9.12,0,0,0,0
1154_bcomps.exe,benign,d25039589079e7c085a5b6c293ac4d50,8dbe306b7e6d723a63d4af6dfd518593da6688e2494059901fb8ee2dbb3670cc,11776,7.136767,1,264,34404,3,1749896536,12288,4096,32768,45056,5368709120,4096,512,6,0,0,0,6,0,53248,1024,0,0,1,3,33120,16,0,0,1,0,0,0.0,0.0,3.910205,0.0,0.0,7.70828,0.0,3.872828,1,2,1,0,12,0,0,209,8.03,0,0,0,0
1155_ccomps.exe,benign,93de6e0dc21422c598da5ff79a3d0ca5,11d8dd283ea4c050b9a886883d60b5299c0afbc09fb8c96c692c1eca2dfed63b,14336,7.339074,1,272,34404,3,1749896536,12288,4096,36864,51664,5368709120,4096,512,6,0,0,0,6,0,57344,1024,0,0,1,3,33120,16,0,0,1,0,0,0.0,0.0,4.293791,0.0,0.0,7.754281,0.0,4.016024,1,2,1,0,15,0,0,255,7.85,0,0,0,0
1156_circo.exe,benign,e7a993ff8afe3d91c14f8a59ec2800be,25fcfcee67b28589eaddf53d928138322a3681023c20792726aea759caab5fbd,8192,6.472791,1,256,34404,3,1749896532,8192,4096,28672,37168,5368709120,4096,512,6,0,0,0,6,0,45056,1024,0,0,1,3,33120,16,0,0,1,0,0,0.0,0.0,3.93688,0.0,0.0,7.309358,0.0,3.748746,1,2,1,0,12,0,0,126,9.98,0,0,0,0
1157_cluster.exe,benign,5b66132f587b2a3b3e49b20f7227ff79,ffb017a26403cffb1748f87abab8a2c564a8d6acb654dc7729331782b6e9102d,119296,7.775974,1,288,34404,3,1749896534,118784,4096,98304,217776,5368709120,4096,512,6,0,0,0,6,0,225280,1024,0,0,1,3,33120,16,0,0,1,0,0,0.0,0.0,4.049372,0.0,0.0,7.795491,0.0,3.948288,1,2,1,0,13,0,1,1404,5.4,0,0,0,0
1158_diffimg.exe,benign,a7e82202cb623deb72c18a6e27b14314,0cad472b08e9116d72a9c609666ed0798bfd7a331d40cf90a300e5956dfa1e74,10240,6.920555,1,256,34404,3,1749896532,8192,4096,32768,43408,5368709120,4096,512,6,0,0,0,6,0,49152,1024,0,0,1,3,33120,16,0,0,1,0,0,0.0,0.0,4.18109,0.0,0.0,7.557131,0.0,3.91274,1,2,1,0,13,0,0,185,8.78,0,0,0,0
1159_dijkstra.exe,benign,010f265acabc03d03126ec28ddc69429,8ba84ee0c285a3d2450842f8e8c532b15a7f177998861c04bc5388e7617e3f90,10752,6.897074,1,264,34404,3,1749896537,8192,4096,32768,43744,5368709120,4096,512,6,0,0,0,6,0,49152,1024,0,0,1,3,33120,16,0,0,1,0,0,0.0,0.0,4.152334,0.0,0.0,7.509577,0.0,3.887304,1,2,1,0,14,0,0,190,8.48,0,0,0,0
115_com.docker.admin.exe,benign,7b5d3c89f29f0b849eb210459d1f6148,d5c9461cd2e1d859ba7f168317961b42849b409d076dd8828f045d0033d2ec8b,7476144,7.907459,1,128,34404,3,0,7352320,118784,17444864,24797712,5368709120,4096,512,6,1,1,0,6,1,24920064,512,0,0,1,3,33120,16,0,0,1,0,0,0.0,0.0,4.035261,0.0,0.0,7.919021,0.0,3.984761,1,2,1,0,4,0,0,98517,4.75,1,0,0,0
1160_dot.exe,benign,e7a993ff8afe3d91c14f8a59ec2800be,25fcfcee67b28589eaddf53d928138322a3681023c20792726aea759caab5fbd,8192,6.472791,1,256,34404,3,1749896532,8192,4096,28672,37168,5368709120,4096,512,6,0,0,0,6,0,45056,1024,0,0,1,3,33120,16,0,0,1,0,0,0.0,0.0,3.93688,0.0,0.0,7.309358,0.0,3.748746,1,2,1,0,12,0,0,126,9.98,0,0,0,0
1161_dot2gxl.exe,benign,9d045776e92998f0e3ef5fa6bf27748a,ba10b5eff4766099080749a8f5279dcae4f85fdd7eb31e92babf55473905a0ab,20480,7.487894,1,272,34404,3,1749896539,20480,4096,40960,61584,5368709120,4096,512,6,0,0,0,6,0,69632,1024,0,0,1,3,33120,16,0,0,1,0,0,0.0,0.0,4.316829,0.0,0.0,7.763269,0.0,4.026699,1,2,1,0,15,0,0,369,6.7,0,0,0,0
1162_dot_builtins.exe,benign,37ac9ce7e9314a98ae06b1396250a824,7332d2840d4d08309ba3af3d77336f1efbc08123a4a86f54c948f5c345444332,8704,6.662439,1,256,34404,3,1749896533,8192,4096,32768,41552,5368709120,4096,512,6,0,0,0,6,0,49152,1024,0,0,1,3,33120,16,0,0,1,0,0,0.0,0.0,4.201387,0.0,0.0,7.575895,0.0,3.925761,1,2,1,0,19,0,0,158,10.66,0,0,0,0
1163_edgepaint.exe,benign,2d929aaee311448f86e0c1d8ebc55e63,355e9934ee7369165f64d07ba3b2530c36fb8c83ae07e3d728ee93f05237d273,135168,7.807166,1,280,34404,3,1749896533,135168,4096,126976,262048,5368709120,4096,512,6,0,0,0,6,0,270336,1024,0,0,1,3,33120,16,0,0,1,0,0,0.0,0.0,3.822551,0.0,0.0,7.827606,0.0,3.883386,1,2,1,0,17,0,0,1812,5.43,0,0,0,0
1164_fdp.exe,benign,e7a993ff8afe3d91c14f8a59ec2800be,25fcfcee67b28589eaddf53d928138322a3681023c20792726aea759caab5fbd,8192,6.472791,1,256,34404,3,1749896532,8192,4096,28672,37168,5368709120,4096,512,6,0,0,0,6,0,45056,1024,0,0,1,3,33120,16,0,0,1,0,0,0.0,0.0,3.93688,0.0,0.0,7.309358,0.0,3.748746,1,2,1,0,12,0,0,126,9.98,0,0,0,0
1165_gc.exe,benign,c47937d43c0f68923c4a7f0e219bd28f,34a71b0eb061b209b7c5c6a5653e9f3e1d81c2c73b5185c69f0452a0d64a270e,10240,6.88722,1,272,34404,3,1749896537,8192,4096,32768,43360,5368709120,4096,512,6,0,0,0,6,0,49152,1024,0,0,1,3,33120,16,0,0,1,0,0,0.0,0.0,4.00067,0.0,0.0,7.540432,0.0,3.847034,1,2,1,0,13,0,0,176,8.76,0,0,0,0
1166_gml2gv.exe,benign,b6c1ace20d4ce78d0577ed61d92fd4fe,18318e14390ddedda04e51e8ce90da3f796c01f09681a1aa2aef3489cd0edba0,23040,7.559363,1,280,34404,3,1749896537,20480,4096,49152,72496,5368709120,4096,512,6,0,0,0,6,0,77824,1024,0,0,1,3,33120,16,0,0,1,0,0,0.0,0.0,4.349105,0.0,0.0,7.795079,0.0,4.048061,1,2,1,0,14,0,0,403,6.78,0,0,0,0
1167_graphml2gv.exe,benign,185954a7ec8d1bf4342b3e51233dedcc,f4e04389a5645085fd7f009447a1ccfed8f19a33d655a6cf2930504a05f34432,12800,7.26025,1,288,34404,3,1749896538,12288,4096,32768,46096,5368709120,4096,512,6,0,0,0,6,0,53248,1024,0,0,1,3,33120,16,0,0,1,0,0,0.0,0.0,4.130912,0.0,0.0,7.744419,0.0,3.958444,1,2,1,0,14,0,0,254,7.66,0,0,0,0
1168_gv2gml.exe,benign,7bc22311b5f0f5c4ae7ffca90e7bb2a9,f89ca9be55c39dc78d9cc0ade0b1178c19b07bf83cc93f41fba2bb30a74a7c60,13312,7.290961,1,256,34404,3,1749896537,12288,4096,36864,50720,5368709120,4096,512,6,0,0,0,6,0,57344,1024,0,0,1,3,33120,16,0,0,1,0,0,0.0,0.0,4.248927,0.0,0.0,7.747254,0.0,3.998727,1,2,1,0,14,0,0,264,7.66,0,0,0,0
1169_gv2gxl.exe,benign,9d045776e92998f0e3ef5fa6bf27748a,ba10b5eff4766099080749a8f5279dcae4f85fdd7eb31e92babf55473905a0ab,20480,7.487894,1,272,34404,3,1749896539,20480,4096,40960,61584,5368709120,4096,512,6,0,0,0,6,0,69632,1024,0,0,1,3,33120,16,0,0,1,0,0,0.0,0.0,4.316829,0.0,0.0,7.763269,0.0,4.026699,1,2,1,0,15,0,0,369,6.7,0,0,0,0
1170_gvcolor.exe,benign,d7fba656e629c4f4eaba1b69b219e9b2,7ada16d98ab74020c57f45fa2741b3a7ae2d86a91d37181e45d217a8212e3f0d,16896,7.353435,1,272,34404,3,1749896538,16384,4096,45056,62480,5368709120,4096,512,6,0,0,0,6,0,69632,1024,0,0,1,3,33120,16,0,0,1,0,0,0.0,0.0,4.30381,0.0,0.0,7.671054,0.0,3.991621,1,2,1,0,14,0,0,356,6.94,0,0,0,0
1171_gvgen.exe,benign,adbfeb272e0fab4b365a2cdaa3dd1496,f0feb86e60662612fb26447aa93c8d8b4bbf5dd52542193e0d8739cfeb261d92,15872,7.362761,1,248,34404,3,1749896538,16384,4096,36864,53072,5368709120,4096,512,6,0,0,0,6,0,61440,1024,0,0,1,3,33120,16,0,0,1,0,0,0.0,0.0,4.255214,0.0,0.0,7.740181,0.0,3.998465,1,2,1,0,14,0,0,287,7.37,0,0,0,0
1172_gvmap.exe,benign,a9cb048d29f053a4d2068292a2673858,cfbe943a8443aafa70eced36c163a28c4e7afa5cb1aed118466948b8813fade2,177152,7.861892,1,288,34404,3,1749896536,176128,4096,176128,353056,5368709120,4096,512,6,0,0,0,6,0,360448,1024,0,0,1,3,33120,16,0,0,1,0,0,0.0,0.0,3.944895,0.0,0.0,7.876352,0.0,3.940416,1,2,1,0,19,0,1,2385,5.19,0,0,0,0
1173_gvpack.exe,benign,c61d8c9e510ca1dd6f54b09b2347f1d6,3a937f4ddc0508a621ba87630d06264a7b1db286736dcf0a677bd2efb93df076,20992,7.485614,1,256,34404,3,1749896539,20480,4096,40960,61952,5368709120,4096,512,6,0,0,0,6,0,69632,1024,0,0,1,3,33120,16,0,0,1,0,0,0.0,0.0,3.869512,0.0,0.0,7.831245,0.0,3.900252,1,2,1,0,17,0,0,369,7.0,0,0,0,0
1174_gvpr.exe,benign,ef1484e5b90baf935ec8ebb901214e9c,e6518e11cde14bc85e96055526c86f0f8ffb0fdec5aa75d8491d133d15986bc4,7680,6.507259,1,264,34404,3,1749896534,8192,4096,24576,32768,5368709120,4096,512,6,0,0,0,6,0,40960,1024,0,0,1,3,33120,16,0,0,1,0,0,0.0,0.0,3.844265,0.0,0.0,7.441585,0.0,3.76195,1,2,1,0,11,0,0,121,9.98,0,0,0,0
1175_gxl2dot.exe,benign,9d045776e92998f0e3ef5fa6bf27748a,ba10b5eff4766099080749a8f5279dcae4f85fdd7eb31e92babf55473905a0ab,20480,7.487894,1,272,34404,3,1749896539,20480,4096,40960,61584,5368709120,4096,512,6,0,0,0,6,0,69632,1024,0,0,1,3,33120,16,0,0,1,0,0,0.0,0.0,4.316829,0.0,0.0,7.763269,0.0,4.026699,1,2,1,0,15,0,0,369,6.7,0,0,0,0
1176_gxl2gv.exe,benign,9d045776e92998f0e3ef5fa6bf27748a,ba10b5eff4766099080749a8f5279dcae4f85fdd7eb31e92babf55473905a0ab,20480,7.487894,1,272,34404,3,1749896539,20480,4096,40960,61584,5368709120,4096,512,6,0,0,0,6,0,69632,1024,0,0,1,3,33120,16,0,0,1,0,0,0.0,0.0,4.316829,0.0,0.0,7.763269,0.0,4.026699,1,2,1,0,15,0,0,369,6.7,0,0,0,0
1177_mm2gv.exe,benign,02b72bab7584c18b5e6965f0ffa16620,ac91667452f66b4b6d1778020896eac95425073f8b94c0bdc27f69e1bdd5d18b,19968,7.448748,1,264,34404,3,1749896539,20480,4096,40960,61056,5368709120,4096,512,6,0,0,0,6,0,69632,1024,0,0,1,3,33120,16,0,0,1,0,0,0.0,0.0,4.1251,0.0,0.0,7.747126,0.0,3.957409,1,2,1,0,13,0,0,303,7.05,0,0,0,0
1178_neato.exe,benign,e7a993ff8afe3d91c14f8a59ec2800be,25fcfcee67b28589eaddf53d928138322a3681023c20792726aea759caab5fbd,8192,6.472791,1,256,34404,3,1749896532,8192,4096,28672,37168,5368709120,4096,512,6,0,0,0,6,0,45056,1024,0,0,1,3,33120,16,0,0,1,0,0,0.0,0.0,3.93688,0.0,0.0,7.309358,0.0,3.748746,1,2,1,0,12,0,0,126,9.98,0,0,0,0
1179_nop.exe,benign,158fe1f622a263fa08420aa1703b1053,e78b049be52cfa179e200476081eeed63ea40652f7278db20dee0d219ddc8e01,8192,6.688207,1,256,34404,3,1749896536,8192,4096,32768,41536,5368709120,4096,512,6,0,0,0,6,0,49152,1024,0,0,1,3,33120,16,0,0,1,0,0,0.0,0.0,3.949301,0.0,0.0,7.544489,0.0,3.831263,1,2,1,0,12,0,0,145,9.46,0,0,0,0
117_com.docker.build.exe,benign,1537c3f465c93eb8163180d2f27a57c6,dd6c0f342fd2d3cd6e3306dc60d74ded3b2ab8725fad511088bf2f9331f47fd9,23818160,7.894155,1,128,34404,3,0,23810048,4096,28659712,52469472,5368709120,4096,512,6,1,1,0,6,1,52477952,512,0,0,1,3,33120,16,0,0,0,0,0,0.0,0.0,0.0,0.0,0.0,7.894135,0.0,3.118367,1,3,1,0,4,0,0,275214,4.66,1,0,0,0
1180_osage.exe,benign,e7a993ff8afe3d91c14f8a59ec2800be,25fcfcee67b28589eaddf53d928138322a3681023c20792726aea759caab5fbd,8192,6.472791,1,256,34404,3,1749896532,8192,4096,28672,37168,5368709120,4096,512,6,0,0,0,6,0,45056,1024,0,0,1,3,33120,16,0,0,1,0,0,0.0,0.0,3.93688,0.0,0.0,7.309358,0.0,3.748746,1,2,1,0,12,0,0,126,9.98,0,0,0,0
1181_patchwork.exe,benign,e7a993ff8afe3d91c14f8a59ec2800be,25fcfcee67b28589eaddf53d928138322a3681023c20792726aea759caab5fbd,8192,6.472791,1,256,34404,3,1749896532,8192,4096,28672,37168,5368709120,4096,512,6,0,0,0,6,0,45056,1024,0,0,1,3,33120,16,0,0,1,0,0,0.0,0.0,3.93688,0.0,0.0,7.309358,0.0,3.748746,1,2,1,0,12,0,0,126,9.98,0,0,0,0
1182_prune.exe,benign,3300e677f2a41a9f1a459d1baeaa717b,7a397d156ba7e703a1356bb5faf0cf692526ad6ad0420b738035b77dd25a1f30,10752,6.847761,1,264,34404,3,1749896532,8192,4096,32768,43680,5368709120,4096,512,6,0,0,0,6,0,49152,1024,0,0,1,3,33120,16,0,0,1,0,0,0.0,0.0,4.061742,0.0,0.0,7.460645,0.0,3.840796,1,2,1,0,13,0,0,184,8.79,0,0,0,0
1183_sccmap.exe,benign,b52b4aa4bad72f182f55c7eabafc1393,c1caa33e3ad04adb647db3403bb037188ec4b836f750eeede37f7692329644f0,10752,7.098984,1,272,34404,3,1749896539,8192,4096,32768,44144,5368709120,4096,512,6,0,0,0,6,0,49152,1024,0,0,1,3,33120,16,0,0,1,0,0,0.0,0.0,3.912385,0.0,0.0,7.720896,0.0,3.87776,1,2,1,0,12,0,0,208,8.09,0,0,0,0
1184_sfdp.exe,benign,e7a993ff8afe3d91c14f8a59ec2800be,25fcfcee67b28589eaddf53d928138322a3681023c20792726aea759caab5fbd,8192,6.472791,1,256,34404,3,1749896532,8192,4096,28672,37168,5368709120,4096,512,6,0,0,0,6,0,45056,1024,0,0,1,3,33120,16,0,0,1,0,0,0.0,0.0,3.93688,0.0,0.0,7.309358,0.0,3.748746,1,2,1,0,12,0,0,126,9.98,0,0,0,0
1185_tred.exe,benign,14af47f2e05c8294e22c30766befca70,90bcfcedf9101323397516a431bbf33f1b039390f8a3de651a4de27b86334f5b,8704,6.625001,1,256,34404,3,1749896536,8192,4096,32768,41840,5368709120,4096,512,6,0,0,0,6,0,49152,1024,0,0,1,3,33120,16,0,0,1,0,0,0.0,0.0,3.946856,0.0,0.0,7.4205,0.0,3.789119,1,2,1,0,12,0,0,157,9.29,0,0,0,0
1186_twopi.exe,benign,e7a993ff8afe3d91c14f8a59ec2800be,25fcfcee67b28589eaddf53d928138322a3681023c20792726aea759caab5fbd,8192,6.472791,1,256,34404,3,1749896532,8192,4096,28672,37168,5368709120,4096,512,6,0,0,0,6,0,45056,1024,0,0,1,3,33120,16,0,0,1,0,0,0.0,0.0,3.93688,0.0,0.0,7.309358,0.0,3.748746,1,2,1,0,12,0,0,126,9.98,0,0,0,0
1187_unflatten.exe,benign,847a44c4a248827581a3ae1323278a2b,be84fd40b131088f687af196eca61c6cfd4ff046afe5b097ae0be5b80ee36897,9216,6.686944,1,264,34404,3,1749896536,8192,4096,32768,42256,5368709120,4096,512,6,0,0,0,6,0,49152,1024,0,0,1,3,33120,16,0,0,1,0,0,0.0,0.0,4.092702,0.0,0.0,7.407065,0.0,3.833256,1,2,1,0,13,0,0,182,8.75,0,0,0,0
1188_gst-device-monitor-1.0.exe,benign,eab6ab8f5867cc0eff13e8f2d93f153f,6f2e23a8a5df09fcdeefae97ae88d17925fa2358b71e15d6a14282b934beeb63,12288,7.245968,1,264,34404,3,1745093845,12288,4096,32768,45984,5368709120,4096,512,6,0,0,0,6,0,53248,1024,0,0,1,3,33120,16,0,0,0,0,0,0.0,0.0,0.0,0.0,0.0,7.707931,0.0,3.769517,1,3,1,0,14,0,0,228,6.9,0,0,0,0
1189_gst-discoverer-1.0.exe,benign,7aa2cf71e35a181226a5f0464d531c0e,eb0d44be92d6adfb291013d52783c5bb8740395477607c14a22eac38021f4690,15360,7.466594,1,248,34404,3,1745093845,16384,4096,40960,57360,5368709120,4096,512,6,0,0,0,6,0,65536,1024,0,0,1,3,33120,16,0,0,0,0,0,0.0,0.0,0.0,0.0,0.0,7.79215,0.0,3.910342,1,3,1,0,15,0,0,302,6.46,0,0,0,0
118_com.docker.diagnose.exe,benign,668d224fd128a9acdf71481155de3f26,301aec7f02a617fa1c31162b7a1776b94ee424b6875d87a773db6fc0f456f3c5,13390256,7.91206,1,128,34404,3,0,13266944,114688,41312256,54580352,5368709120,4096,512,6,1,1,0,6,1,54697984,512,0,0,1,3,33120,16,0,0,1,0,0,0.0,0.0,4.016749,0.0,0.0,7.917618,0.0,3.978122,1,2,1,0,4,0,0,182908,4.76,1,0,0,0
1190_gst-play-1.0.exe,benign,0c60facbfe4ffd5dea4626a9457ffdf9,08500fc7616f2db1f609c01646ff6b0fd8320596dfaaa7cfd8e64309e44e673c,23552,7.556576,1,248,34404,3,1745093845,24576,4096,49152,72880,5368709120,4096,512,6,0,0,0,6,0,81920,1024,0,0,1,3,33120,16,0,0,0,0,0,0.0,0.0,0.0,0.0,0.0,7.811411,0.0,3.871835,1,3,1,0,20,0,0,435,6.28,0,0,0,0
1191_gst-inspect-1.0.exe,benign,78f3b24bff805f759c0e271dad14c053,a1682b7217b82e05dfc232fd2728b640e59643adb313ccb20d8eb088f2870c81,28672,7.699991,1,264,34404,3,1745093645,28672,4096,57344,86720,5368709120,4096,512,6,0,0,0,6,0,94208,1024,0,0,1,3,33120,16,0,0,0,0,0,0.0,0.0,0.0,0.0,0.0,7.861788,0.0,3.850001,1,3,1,0,14,0,0,497,5.77,0,0,0,0
1192_gst-launch-1.0.exe,benign,3b08a7a82a22950c8b2914df1ed080bd,5e35f4cad2324fc5c63e8166f56799448fd0bc71cc6e539d4cbda439400f72c1,17408,7.572737,1,256,34404,3,1745093646,16384,4096,45056,63584,5368709120,4096,512,6,0,0,0,6,0,69632,1024,0,0,1,3,33120,16,0,0,0,0,0,0.0,0.0,0.0,0.0,0.0,7.848831,0.0,3.898776,1,3,1,0,15,0,0,345,6.21,0,0,0,0
1193_gst-stats-1.0.exe,benign,9e976a89fcedbd9a020f6cea1ec9e71d,e7bbbaaafe6a81ca5811ac87abac79171837c7ef264010c11924fb3cce3b616f,19456,7.589692,1,256,34404,3,1745093646,20480,4096,36864,57392,5368709120,4096,512,6,0,0,0,6,0,65536,1024,0,0,1,3,33120,16,0,0,0,0,0,0.0,0.0,0.0,0.0,0.0,7.834366,0.0,3.81552,1,3,1,0,14,0,0,381,6.06,0,0,0,0
1194_gst-typefind-1.0.exe,benign,ca9258f05550adc89a3e7362d3789a5a,c220b155cf93ab313f8fbf35629c337ab75f576a8563d5ba5a459db1d91b1e2f,10240,7.175375,1,248,34404,3,1745093646,8192,4096,28672,40064,5368709120,4096,512,6,0,0,0,6,0,45056,1024,0,0,1,3,33120,16,0,0,0,0,0,0.0,0.0,0.0,0.0,0.0,7.722349,0.0,3.777312,1,3,1,0,14,0,0,188,7.01,0,0,0,0
1195_gst-completion-helper.exe,benign,505a8227be2987e5061734db1d233a78,27932e06fc5c23f9bd661d022ce42c3ac0049a26194631cdc5657b287b2dfbd5,10240,7.00289,1,248,34404,3,1745093645,8192,4096,28672,39792,5368709120,4096,512,6,0,0,0,6,0,45056,1024,0,0,1,3,33120,16,0,0,0,0,0,0.0,0.0,0.0,0.0,0.0,7.58035,0.0,3.698155,1,3,1,0,13,0,0,184,7.21,0,0,0,0
1196_gst-hotdoc-plugins-scanner.exe,benign,6649bde8a130a03880e469a6fd9b97ae,4fc861b64c4a7ae1c35b617c0f75c6cf237fa6bb2a7e6df4b6209f63a456b7a8,17920,7.489288,1,264,34404,3,1745093646,16384,4096,40960,59712,5368709120,4096,512,6,0,0,0,6,0,65536,1024,0,0,1,3,33120,16,0,0,0,0,0,0.0,0.0,0.0,0.0,0.0,7.782146,0.0,3.781272,1,3,1,0,14,0,0,338,6.0,0,0,0,0
1197_gst-plugin-scanner.exe,benign,4d6a3c8a2e32c647373f17975e3b690a,a5af49d2adb751ae2a5a88fd3039e946c5f073f419a5a9c4388b83da96c55407,7680,6.746758,1,248,34404,3,1745093645,8192,4096,28672,37472,5368709120,4096,512,6,0,0,0,6,0,45056,1024,0,0,1,3,33120,16,0,0,0,0,0,0.0,0.0,0.0,0.0,0.0,7.568818,0.0,3.60135,1,3,1,0,12,0,0,143,7.57,0,0,0,0
1198_gst-ptp-helper.exe,benign,ea71176763687538078932a031bb62e7,45bc88fb7f26f87a53de357264c8f97ccd2be2f74783dac433361c7f348e4589,107520,7.878959,1,232,34404,3,1745093645,106496,4096,176128,283760,5368709120,4096,512,6,0,0,0,6,0,290816,1024,0,0,1,3,33120,16,0,0,0,0,0,0.0,0.0,0.0,0.0,0.0,7.915639,0.0,3.673891,1,3,1,0,16,0,1,1504,5.1,0,0,0,0
1199_hb-info.exe,benign,0913c91ced4a83bd3bb398cbd8b31b03,0e984bc50bcb464f00e829616645afe04cd546257cd1cf3340abd10a452a105e,23040,7.551674,1,272,34404,3,1747091319,20480,4096,53248,76752,5368709120,4096,512,6,0,0,0,6,0,81920,1024,0,0,1,3,33120,16,0,0,0,0,0,0.0,0.0,0.0,0.0,0.0,7.820737,0.0,3.719371,1,3,1,0,17,0,1,454,5.98,1,0,0,0
119_containerd-shim-runhcs-v1.exe,benign,57dba27b67622326740f2b1a1f032c13,ad671e4bed422bba1ba9a37c441dfc103f67e48b903c855c3ae38edd70f3f577,10653104,7.891495,1,128,34404,3,0,10641408,4096,12046336,22689280,5368709120,4096,512,6,1,1,0,6,1,22695936,512,0,0,1,3,33120,16,0,0,1,0,0,0.0,0.0,3.874485,0.0,0.0,7.891462,0.0,3.921982,1,2,1,0,4,0,0,125372,4.7,1,0,0,0
11_7zFM.exe,benign,6427fc07fd602a0ab4f5274b819a7f4a,bb89f71194afc6e29f3d0dbff4b2368b7576b214ac93cae1903006bc749574fa,361984,7.874709,1,248,34404,3,1754200800,352256,12288,679936,1031968,4194304,4096,512,4,0,0,0,5,2,1048576,1024,0,0,1,2,33120,16,0,0,1,0,0,0.0,0.0,3.493811,0.0,0.0,7.921622,0.0,3.805144,1,2,1,0,13,0,0,5473,5.13,1,0,0,0
1200_hb-shape.exe,benign,7375f95240cce4a6921a9aefc3cd7b8a,2d121d88e3fc276e6c438205e88038c1762b2aad21963de59602516f1e597ad7,22528,7.606755,1,272,34404,3,1747091319,20480,4096,45056,68384,5368709120,4096,512,6,0,0,0,6,0,73728,1024,0,0,1,3,33120,16,0,0,0,0,0,0.0,0.0,0.0,0.0,0.0,7.811909,0.0,3.913166,1,3,1,0,15,0,0,420,6.09,1,0,0,0
1201_hb-subset.exe,benign,d99db5648f9964c2e6dc8b1717b9434d,0d88ebe715974925954f0792f4ffe0da331699072b62a8b711a9b44da9f48fa9,19968,7.406853,1,272,34404,3,1747091320,20480,4096,45056,65200,5368709120,4096,512,6,0,0,0,6,0,73728,1024,0,0,1,3,33120,16,0,0,0,0,0,0.0,0.0,0.0,0.0,0.0,7.763927,0.0,3.636137,1,3,1,0,16,0,0,374,6.07,1,0,0,0
1202_hb-view.exe,benign,3510016cde92a2de1b7682eeb79729f8,90d3a53493e16f80722fa6884f693a65fabd2917db54286c5de859371199a56a,30208,7.665025,1,272,34404,3,1747091319,28672,4096,53248,83792,5368709120,4096,512,6,0,0,0,6,0,90112,1024,0,0,1,3,33120,16,0,0,0,0,0,0.0,0.0,0.0,0.0,0.0,7.858265,0.0,3.742998,1,3,1,0,18,0,0,557,5.8,0,0,0,0
1203_gif2h5.exe,benign,b8d133a420d34b5848c4e1c4aad91da3,54755dbd66726839741170dbd181e5fd2cdb6f55bfb4a3d4eaa1971ff1661456,12288,7.149681,1,256,34404,3,1745297459,12288,4096,32768,45488,5368709120,4096,512,6,0,0,0,6,0,53248,1024,0,0,1,3,33120,16,0,0,1,0,0,0.0,0.0,4.22041,0.0,0.0,7.662384,0.0,3.960931,1,2,1,0,14,0,0,208,8.23,0,0,0,0
1204_h52gif.exe,benign,5dc6b0d49b0022f052c443dfb86d445a,6727cabd2b24d691fd4020622fabc31acb537564e1279386db5f3051c8f9e190,11264,6.911972,1,248,34404,3,1745297459,12288,4096,32768,44192,5368709120,4096,512,6,0,0,0,6,0,53248,1024,0,0,1,3,33120,16,0,0,1,0,0,0.0,0.0,4.07617,0.0,0.0,7.497615,0.0,3.857928,1,2,1,0,13,0,0,198,8.23,0,0,0,0
1205_h5clear.exe,benign,34b2dcce938eb0d69677a91831d0df1a,6b029d2fb2fcc37f497732d4d4547506e58d0781afa123aa3899c2217a8c516c,10240,6.903127,1,256,34404,3,1745297429,8192,4096,32768,43312,5368709120,4096,512,6,0,0,0,6,0,49152,1024,0,0,1,3,33120,16,0,0,1,0,0,0.0,0.0,4.382761,0.0,0.0,7.50868,0.0,3.963814,1,2,1,0,15,0,0,206,8.57,0,0,0,0
1206_h5copy.exe,benign,8db578876f8a68213cdfaba665c3e86c,bac933772de56edd4baf70a829dcc750ccb75e319549c64d43b39f3240123b6e,11776,7.05132,1,264,34404,3,1745297429,12288,4096,40960,53008,5368709120,4096,512,6,0,0,0,6,0,61440,1024,0,0,1,3,33120,16,0,0,1,0,0,0.0,0.0,4.245978,0.0,0.0,7.588318,0.0,3.944765,1,2,1,0,14,0,0,257,7.88,0,0,0,0
1207_h5debug.exe,benign,50a1c204f326424f9817b9a5b276268e,8bad952cefae1d86f78d417d7042f6b1242ad20b956dfe5cea20b0e047a881b1,11776,7.083844,1,264,34404,3,1745297428,12288,4096,40960,53184,5368709120,4096,512,6,0,0,0,6,0,61440,1024,0,0,1,3,33120,16,0,0,1,0,0,0.0,0.0,4.006915,0.0,0.0,7.651888,0.0,3.886268,1,2,1,0,12,0,0,242,7.89,0,0,0,0
1208_h5delete.exe,benign,19e04a86e4dafa08cc30edfcb492d385,087f77e46cafe10feb32ea137c68e30f0e1e88029199a97528e641258a483eb5,7680,6.337802,1,256,34404,3,1745297429,8192,4096,28672,36656,5368709120,4096,512,6,0,0,0,6,0,45056,1024,0,0,1,3,33120,16,0,0,1,0,0,0.0,0.0,3.857177,0.0,0.0,7.232574,0.0,3.696584,1,2,1,0,11,0,0,119,10.49,0,0,0,0
1209_h5diff.exe,benign,0da882b49a9322e005a59a4990e0dda0,e81d6f650c4ea96bc469fe652ea916220f980cf9558aee8c80116ef30fff9076,14848,7.319315,1,256,34404,3,1745297428,12288,4096,45056,60320,5368709120,4096,512,6,0,0,0,6,0,65536,1024,0,0,1,3,33120,16,0,0,1,0,0,0.0,0.0,4.247094,0.0,0.0,7.72911,0.0,3.992068,1,2,1,0,14,0,0,306,7.42,0,0,0,0
120_containerd.exe,benign,ceea38e1d8a6b544fca16da9b2eabc3c,0afcab0c7646f18206bd8c33c065a9ee9f1a1aab0a5ea7633045c44e7acb888d,12649392,7.918375,1,128,34404,3,0,12640256,4096,29868032,42509072,5368709120,4096,512,6,1,0,0,6,1,42516480,512,0,0,1,3,33120,16,0,0,0,0,0,0.0,0.0,0.0,0.0,0.0,7.918442,0.0,3.318175,1,3,1,0,5,0,1,169418,4.72,1,0,0,0
1210_h5dump.exe,benign,f5bb4d576288c8e18ba9a58a60b55c3a,9d6f3afb3ea73085d2cdc24b2f96797ce091810f1209afc2d6763ca41fbc2091,45568,7.795429,1,272,34404,3,1745297429,45056,4096,102400,148240,5368709120,4096,512,6,0,0,0,6,0,155648,1024,0,0,1,3,33120,16,0,0,1,0,0,0.0,0.0,4.348907,0.0,0.0,7.889277,0.0,4.079395,1,2,1,0,14,0,0,826,5.86,0,0,0,0
1211_h5format_convert.exe,benign,17b58bf94431a35aacc85f665e5da99a,5613b9371564faca96972264c0ee1c72b8c58e3a4a3fb2c0ba0371b57d0d0322,9728,6.934622,1,264,34404,3,1745297429,8192,4096,32768,43008,5368709120,4096,512,6,0,0,0,6,0,49152,1024,0,0,1,3,33120,16,0,0,1,0,0,0.0,0.0,4.103961,0.0,0.0,7.626829,0.0,3.910263,1,2,1,0,13,0,0,188,8.45,0,0,0,0
1212_h5import.exe,benign,38d066b9011e44f5d7b81a9cfff51834,71f366718f4701a3e418c2dfa4f721f48b9ac601728d5a1c0c0c246121b972a4,26624,7.624875,1,248,34404,3,1745297429,24576,4096,69632,96480,5368709120,4096,512,6,0,0,0,6,0,102400,1024,0,0,1,3,33120,16,0,0,1,0,0,0.0,0.0,4.365181,0.0,0.0,7.815724,0.0,4.060302,1,2,1,0,14,0,0,514,6.36,0,0,0,0
1213_h5jam.exe,benign,e6aafc2ea0c281e669e5d89aeb91c631,a7693654bbd276a23972eac4a7bcb24b26907b17722d46627af6bf6498e96bae,10752,6.912492,1,272,34404,3,1745297429,8192,4096,32768,43744,5368709120,4096,512,6,0,0,0,6,0,49152,1024,0,0,1,3,33120,16,0,0,1,0,0,0.0,0.0,4.262306,0.0,0.0,7.493489,0.0,3.918598,1,2,1,0,14,0,0,199,8.55,0,0,0,0
1214_h5ls.exe,benign,d9b16e3884b0ab778f9ef4fc9541a650,bf65b3c6c897f2de3bdbcaadffa2f1cdbb4f45b471f5780763ed5f203f38d961,27136,7.593237,1,256,34404,3,1745297428,24576,4096,69632,96608,5368709120,4096,512,6,0,0,0,6,0,102400,1024,0,0,1,3,33120,16,0,0,1,0,0,0.0,0.0,3.776174,0.0,0.0,7.846962,0.0,3.874379,1,2,1,0,16,0,0,539,6.36,0,0,0,0
1215_h5mkgrp.exe,benign,188bfbfdacda7bc2a14794a67ea762fd,cfa5dbe2c34922032ce6468c06993543b0d4d28a22c2e5b1546401ee710de0ca,9728,6.942609,1,272,34404,3,1745297429,8192,4096,32768,43024,5368709120,4096,512,6,0,0,0,6,0,49152,1024,0,0,1,3,33120,16,0,0,1,0,0,0.0,0.0,4.24202,0.0,0.0,7.608172,0.0,3.950064,1,2,1,0,14,0,0,196,8.71,0,0,0,0
1216_h5perf_serial.exe,benign,a7ea83a009fb8ea973dc29fce6f8541e,7f08c8991dd0a4e84ec4e6722f3cc0fdf9f507a8420346dfed9875417d31fdf6,22016,7.482815,1,256,34404,3,1745297429,20480,4096,45056,66912,5368709120,4096,512,6,0,0,0,6,0,73728,1024,0,0,1,3,33120,16,0,0,1,0,0,0.0,0.0,3.780814,0.0,0.0,7.815373,0.0,3.865396,1,2,1,0,16,0,0,402,6.88,0,0,0,0
1217_h5repack.exe,benign,9efca6d2ecba85f84105717b74ed6292,6d3ba61982089742521648f6ff8841014feb974d64e2e2b73dad56edbd85c904,51200,7.808838,1,264,34404,3,1745297429,49152,4096,110592,162112,5368709120,4096,512,6,0,0,0,6,0,167936,1024,0,0,1,3,33120,16,0,0,1,0,0,0.0,0.0,4.359286,0.0,0.0,7.889181,0.0,4.082822,1,2,1,0,14,0,0,936,5.72,0,0,0,0
1218_h5repart.exe,benign,1ae98e453beb78163d3acec4722dfc6c,2f6b76cab1e936e936b7202ca94c9ef5d5538eca35c53ad74ef24d8fc193852b,10240,7.070643,1,264,34404,3,1745297428,8192,4096,32768,43616,5368709120,4096,512,6,0,0,0,6,0,49152,1024,0,0,1,3,33120,16,0,0,1,0,0,0.0,0.0,4.279087,0.0,0.0,7.67672,0.0,3.985269,1,2,1,0,14,0,0,180,9.12,0,0,0,0
1219_h5stat.exe,benign,26855f7a5334759ddfa10aafd0c46850,542c032a7226e61a23b9bca16eaf71359e9c782147d269c922aecb75f28f4a37,17920,7.436097,1,264,34404,3,1745297429,16384,4096,49152,67360,5368709120,4096,512,6,0,0,0,6,0,73728,1024,0,0,1,3,33120,16,0,0,1,0,0,0.0,0.0,4.369041,0.0,0.0,7.753359,0.0,4.0408,1,2,1,0,14,0,0,389,6.9,0,0,0,0
121_Docker desktop.exe,benign,4b6fcee864e2e621c35b2c603df4ccf0,379f16d99b32fe81af4b056b4214dfbaef1f4db6578cd938ae9fe956fab487f8,5204400,7.903335,1,128,34404,3,0,5079040,114688,10694656,15776864,5368709120,4096,512,6,1,1,0,6,1,15892480,512,0,0,1,2,33120,16,0,0,1,0,0,0.0,0.0,4.015212,0.0,0.0,7.921465,0.0,3.978892,1,2,1,0,4,0,0,67351,4.74,1,0,0,0
1220_h5unjam.exe,benign,18046ee2cad1537c820fae1beab594dd,4a6d5df628e17ec2865ca0aaec14e1f901b8f042948d9143d64632c60d7be40f,9728,6.99105,1,272,34404,3,1745297429,8192,4096,32768,43088,5368709120,4096,512,6,0,0,0,6,0,49152,1024,0,0,1,3,33120,16,0,0,1,0,0,0.0,0.0,4.255813,0.0,0.0,7.651959,0.0,3.969257,1,2,1,0,14,0,0,189,8.67,0,0,0,0
1221_h5watch.exe,benign,90966782805b8855712ec06d998beb79,cb926eeaf51746abbc4df77cbdf4a917aa2cf51143efe2342bb27c0467c0d25a,13824,7.175339,1,264,34404,3,1745297459,12288,4096,36864,50848,5368709120,4096,512,6,0,0,0,6,0,57344,1024,0,0,1,3,33120,16,0,0,1,0,0,0.0,0.0,4.349515,0.0,0.0,7.611755,0.0,3.98709,1,2,1,0,15,0,0,260,7.72,0,0,0,0
1224_derb.exe,benign,054a2e08208ffc1fa3b3be0e5395051e,d2251169f2326c055570a58f6e2dca07670b8fa478a8ae15defd6d89af295d47,80896,7.877546,1,248,34404,3,1720853818,81920,4096,110592,192976,5368709120,4096,512,6,0,0,0,6,0,200704,1024,0,0,1,3,33120,16,0,0,0,0,0,0.0,0.0,0.0,0.0,0.0,7.907434,0.0,3.579139,1,3,1,0,7,0,0,1212,4.98,0,0,0,0
1225_genbrk.exe,benign,c8125d80fd723652d1a75a59b7ae6c09,a9ef4dabf73e0c417ea7fecbe4973e7593bfb4d0e47121c32d49d07c05aa8056,84480,7.872764,1,248,34404,3,1720853823,86016,4096,118784,204528,5368709120,4096,512,6,0,0,0,6,0,212992,1024,0,0,1,3,33120,16,0,0,0,0,0,0.0,0.0,0.0,0.0,0.0,7.903793,0.0,3.481391,1,3,1,0,6,0,0,1245,5.0,0,0,0,0
1226_genccode.exe,benign,6c2b016946897d9d344775bd13c74152,f0c334d1b416fcbdee13e5b16c94d6546a661a047d4d09ef3bc38323cd654c05,71168,7.863462,1,264,34404,3,1720853832,69632,4096,94208,166768,5368709120,4096,512,6,0,0,0,6,0,172032,1024,0,0,1,3,33120,16,0,0,0,0,0,0.0,0.0,0.0,0.0,0.0,7.902337,0.0,3.338572,1,3,1,0,5,0,0,1019,5.03,0,0,0,0
1227_gencfu.exe,benign,25589b7cd9b51e34ebfea894f57706e0,0f6100c7557672f115321f042bdf873739166b246bfa1b1a3c5b8adfcf751dc9,79360,7.863663,1,248,34404,3,1720853845,77824,4096,102400,182928,5368709120,4096,512,6,0,0,0,6,0,188416,1024,0,0,1,3,33120,16,0,0,0,0,0,0.0,0.0,0.0,0.0,0.0,7.897277,0.0,3.614748,1,3,1,0,7,0,0,1118,5.0,0,0,0,0
1228_gencmn.exe,benign,4e33fa0570206f334061c90d6f8e44e3,c63a5b83e2e81b34fdbafaf59db90c07149fd2ea0e02cc9c56987a1ebb1cf848,71168,7.87469,1,264,34404,3,1720853834,69632,4096,94208,167040,5368709120,4096,512,6,0,0,0,6,0,172032,1024,0,0,1,3,33120,16,0,0,0,0,0,0.0,0.0,0.0,0.0,0.0,7.909386,0.0,3.34731,1,3,1,0,5,0,0,968,5.13,0,0,0,0
1229_gencnval.exe,benign,f04cc0b21d8de7f6ba9bf0a4a9153579,c28399c264833c4bb5a84045d2cf294d52379160d29a5a2aaa0e2a615a81f779,78848,7.858241,1,264,34404,3,1720853825,77824,4096,4640768,4720848,5368709120,4096,512,6,0,0,0,6,0,4726784,1024,0,0,1,3,33120,16,0,0,0,0,0,0.0,0.0,0.0,0.0,0.0,7.893646,0.0,3.484534,1,3,1,0,6,0,0,1189,5.04,0,0,0,0
122_dockerd.exe,benign,2a544974e7811a2c4df5f74e186e8ab0,f250cd4c044c0abe797f02669c24dadd4b7abae29b24148c7b73ade4ac277f75,23776176,7.909242,1,128,34404,3,0,23662592,106496,99680256,123343472,5368709120,4096,512,6,1,1,0,6,1,123453440,512,0,0,1,3,33120,16,0,0,1,0,0,0.0,0.0,1.358194,0.0,0.0,7.914991,0.0,3.091062,1,2,1,0,4,0,0,322129,4.73,1,0,0,0
1230_gendict.exe,benign,6ba7da91a7c864cf5fd6df6e2cec0a29,c2e229267a0973fd50489f3473f0880803cbf2fa82934f49776dfa7072cbf152,86528,7.87301,1,264,34404,3,1720853847,86016,4096,122880,210640,5368709120,4096,512,6,0,0,0,6,0,217088,1024,0,0,1,3,33120,16,0,0,0,0,0,0.0,0.0,0.0,0.0,0.0,7.903007,0.0,3.486929,1,3,1,0,6,0,0,1313,4.99,0,0,0,0
1231_gennorm2.exe,benign,d7e82ec6be39a86ae1b9a94f9e8a6f4c,29f3517c4707786e39cdecac9540c146daf7656424fd56f61708e3d44a60f4a1,146944,7.911401,1,248,34404,3,1720853843,147456,4096,217088,365200,5368709120,4096,512,6,0,0,0,6,0,372736,1024,0,0,1,3,33120,16,0,0,0,0,0,0.0,0.0,0.0,0.0,0.0,7.925765,0.0,3.493021,1,3,1,0,6,0,0,2257,4.88,0,0,0,0
1232_genrb.exe,benign,d2869558aab383ee7c07d2f0aa530a0e,4fc46c9a2aab09cf4cc1f2d7a6762f6d0ee4ca31db5fe6ff36e4e990c7943b66,199680,7.918233,1,272,34404,3,1720853817,200704,4096,335872,536688,5368709120,4096,512,6,0,0,0,6,0,544768,1024,0,0,1,3,33120,16,0,0,0,0,0,0.0,0.0,0.0,0.0,0.0,7.9274,0.0,3.634747,1,3,1,0,7,0,0,3103,4.87,0,0,0,0
1233_gensprep.exe,benign,a5cc345583ddf212bbadc672ef8c83b8,afc6b34c79bf5c315ddb1b2143bc3bf14c94b61be7630d4c706e59341c426d1b,76288,7.869856,1,248,34404,3,1720853827,77824,4096,208896,286656,5368709120,4096,512,6,0,0,0,6,0,294912,1024,0,0,1,3,33120,16,0,0,0,0,0,0.0,0.0,0.0,0.0,0.0,7.903391,0.0,3.493151,1,3,1,0,6,0,0,1158,5.03,0,0,0,0
1234_icuexportdata.exe,benign,4319eef985e05d2ed3dd2d0f4a7b4181,bac4f1b36cf21061133172713d14c0aaf4b6c6c87e1c21bc83daad9e31c33918,154112,7.914942,1,248,34404,3,1720853850,155648,4096,233472,389136,5368709120,4096,512,6,0,0,0,6,0,397312,1024,0,0,1,3,33120,16,0,0,0,0,0,0.0,0.0,0.0,0.0,0.0,7.927068,0.0,3.447957,1,3,1,0,6,0,0,2331,4.89,0,0,0,0
1235_icuinfo.exe,benign,36d06c645ac4aa6ca37b38a3f52b3961,e5b4f5d557f29f5e2b499e0bb086cd8195b9b70cb4db183c431aeb456a5b65e0,76288,7.871265,1,248,34404,3,1720853831,77824,4096,98304,176064,5368709120,4096,512,6,0,0,0,6,0,184320,1024,0,0,1,3,33120,16,0,0,0,0,0,0.0,0.0,0.0,0.0,0.0,7.904554,0.0,3.482693,1,3,1,0,6,0,0,1091,5.04,0,0,0,0
1236_icupkg.exe,benign,803b1b3deb3c00ffab487ef50b893611,a73b7b39f10f37edde987c94b045f9aa6a9f184b47f0d47d55fe976ba7349256,78848,7.870434,1,264,34404,3,1720853836,77824,4096,106496,186784,5368709120,4096,512,6,0,0,0,6,0,192512,1024,0,0,1,3,33120,16,0,0,0,0,0,0.0,0.0,0.0,0.0,0.0,7.903568,0.0,3.324944,1,3,1,0,5,0,0,1151,4.94,0,0,0,0
1237_makeconv.exe,benign,91eec3e23d0a5de7df8dce43e8000e87,8aaf53bffb33995e0c8a1d4ac8310474aebe7fd3d8212d3dd366558d8c482ece,90112,7.880544,1,272,34404,3,1720853811,90112,4096,589824,681232,5368709120,4096,512,6,0,0,0,6,0,688128,1024,0,0,1,3,33120,16,0,0,0,0,0,0.0,0.0,0.0,0.0,0.0,7.908654,0.0,3.47934,1,3,1,0,6,0,0,1381,4.99,0,0,0,0
1238_pkgdata.exe,benign,737cdefa2cf730635267c7c38efe7273,768f084c0d1248c22f8c83500bbc3876665243018ea60e28f6ab58b9b8ea3067,90624,7.87595,1,264,34404,3,1720853839,90112,4096,135168,227136,5368709120,4096,512,6,0,0,0,6,0,233472,1024,0,0,1,3,33120,16,0,0,0,0,0,0.0,0.0,0.0,0.0,0.0,7.903699,0.0,3.488413,1,3,1,0,6,0,0,1374,5.01,0,0,0,0
1239_ccapiserver.exe,benign,be1cd67fedbc500e9615ee874cffc38f,445ef1c121da1023a56146bb41b418ac29ccc3c991733d10ff048df57e0660fe,42496,7.657347,1,256,34404,3,1719463595,40960,4096,139264,181008,5368709120,4096,512,6,0,0,0,6,0,188416,1024,0,0,1,3,33120,16,0,0,1,0,0,0.0,0.0,3.61826,0.0,0.0,7.834593,0.0,3.817618,1,2,1,0,18,0,0,836,5.57,0,0,0,0
123_docker-compose.exe,benign,cde65cd07d28cea1822adc834760fe22,cbb1a89011dea45c3615f8429f18a460e9dd33238b2b9e12908bb2db2bc441cd,9902000,7.91844,1,128,34404,3,0,9891840,4096,23818240,33711664,5368709120,4096,512,6,1,1,0,6,1,33718272,512,0,0,1,3,33120,16,0,0,0,0,0,0.0,0.0,0.0,0.0,0.0,7.918539,0.0,3.118689,1,3,1,0,4,0,0,137424,4.78,1,0,0,0
1240_gss-client.exe,benign,cfc0cd4397683cfed6cd8df59202f552,c9613e0623503b095b905f6d21fc0f1f3c95589a0167abc9362b31e896234ecd,14336,7.015823,1,272,34404,3,1719463615,12288,4096,36864,50768,5368709120,4096,512,6,0,0,0,6,0,57344,1024,0,0,1,3,33120,16,0,0,1,0,0,0.0,0.0,3.281065,0.0,0.0,7.755083,0.0,3.678716,1,2,1,0,16,0,0,261,6.64,0,0,0,0
1241_gss-server.exe,benign,ea414e5230342551243e93f419598b48,8e5b9693aba68fbf04663ec03a3565ae6156c30ad37bbc671df5e2a942535ef5,14336,6.946043,1,256,34404,3,1719463615,12288,4096,36864,50608,5368709120,4096,512,6,0,0,0,6,0,57344,1024,0,0,1,3,33120,16,0,0,1,0,0,0.0,0.0,3.162424,0.0,0.0,7.712465,0.0,3.624963,1,2,1,0,15,0,0,249,6.69,0,0,0,0
1242_kcpytkt.exe,benign,3e889a45eb391a447824eed0d1c4e875,e3d2e4296df235130e8b9effeea46beab8c9260e33244fb1e8cbbb23c89d7558,9216,6.57758,1,264,34404,3,1719463613,8192,4096,32768,42032,5368709120,4096,512,6,0,0,0,6,0,49152,1024,0,0,1,3,33120,16,0,0,1,0,0,0.0,0.0,3.629637,0.0,0.0,7.569694,0.0,3.73311,1,2,1,0,14,0,0,142,7.92,0,0,0,0
1243_kdeltkt.exe,benign,241be94e189b38927916a9e283ba1098,1cade5e56056aa13afbcde60c9f14d58e05cb1b37c14660c6ef227631a8829af,9216,6.561099,1,264,34404,3,1719463613,8192,4096,32768,42000,5368709120,4096,512,6,0,0,0,6,0,49152,1024,0,0,1,3,33120,16,0,0,1,0,0,0.0,0.0,3.637206,0.0,0.0,7.556109,0.0,3.731105,1,2,1,0,14,0,0,129,8.26,0,0,0,0
1244_kdestroy.exe,benign,e36fac7e7ffe982b4fcdc40e39d5bf4c,a4f6640f4515cfc0a25e0c6cd09a701ef951a3708d804bb11c90f54b6c9b965b,9216,6.372681,1,248,34404,3,1719463611,8192,4096,28672,37680,5368709120,4096,512,6,0,0,0,6,0,45056,1024,0,0,1,3,33120,16,0,0,1,0,0,0.0,0.0,3.513738,0.0,0.0,7.364525,0.0,3.626088,1,2,1,0,13,0,0,153,7.42,0,0,0,0
1245_kfwcpcc.exe,benign,f3795f37d1f3c8d3a4a3a60d4e0ac7e5,5569c7f48e11b4f8807e115a4b9332b773fa8f93a4bd87570fa6fcb4c3daffeb,14848,7.099035,1,248,34404,3,1719463610,12288,4096,40960,55552,5368709120,4096,512,6,0,0,0,6,0,61440,1024,0,0,1,3,33120,16,0,0,1,0,0,0.0,0.0,3.725439,0.0,0.0,7.664285,0.0,3.796575,1,2,1,0,14,0,0,313,6.16,0,0,0,0
1246_kinit.exe,benign,a45765226afebd5dafd350643ab9c0ab,81e783cdcbee1418fba9c411508535d516c619071aedb23c16b63adcc7489dfb,14336,6.894964,1,272,34404,3,1719463611,12288,4096,40960,54608,5368709120,4096,512,6,0,0,0,6,0,61440,1024,0,0,1,3,33120,16,0,0,1,0,0,0.0,0.0,3.209231,0.0,0.0,7.658075,0.0,3.622435,1,2,1,0,16,0,0,261,6.57,0,0,0,0
1247_klist.exe,benign,e20ebeb4f2f69d442de54e24466c3217,ca13164c6e72060352b526b2b6cc1a69227cac55b9af41058f9dd3db8573ecff,14336,7.051777,1,264,34404,3,1719463610,12288,4096,40960,55008,5368709120,4096,512,6,0,0,0,6,0,61440,1024,0,0,1,3,33120,16,0,0,1,0,0,0.0,0.0,3.716545,0.0,0.0,7.641169,0.0,3.785905,1,2,1,0,15,0,0,273,6.41,0,0,0,0
1248_kpasswd.exe,benign,037e317ce9847d55938cb7f1d0b336c4,47d5b37db616d32777dbecaecdd1f449b737b9a0a394faa4e68a8d59a1f72779,9216,6.476474,1,256,34404,3,1719463612,8192,4096,28672,37840,5368709120,4096,512,6,0,0,0,6,0,45056,1024,0,0,1,3,33120,16,0,0,1,0,0,0.0,0.0,3.368125,0.0,0.0,7.509769,0.0,3.625965,1,2,1,0,12,0,0,137,7.27,0,0,0,0
1249_kswitch.exe,benign,4cee3856a3d2b59efab53a5fd0021cac,d9ae2fc266bb9948570056fb428ccf0295ee288b972b14c07cf01f406223b4f1,8704,6.24522,1,248,34404,3,1719463614,8192,4096,28672,37136,5368709120,4096,512,6,0,0,0,6,0,45056,1024,0,0,1,3,33120,16,0,0,1,0,0,0.0,0.0,3.552613,0.0,0.0,7.27814,0.0,3.610251,1,2,1,0,13,0,0,127,7.85,0,0,0,0
124_docker-credential-desktop.exe,benign,f39dc050de88398848e3aabbf6efff0a,d06d5073566586efc000a1145e2b00cb5442450052e0a1d6c60ccb6938b74128,5027248,7.897729,1,128,34404,3,0,4902912,114688,11010048,15915136,5368709120,4096,512,6,1,1,0,6,1,16031744,512,0,0,1,3,33120,16,0,0,1,0,0,0.0,0.0,4.015462,0.0,0.0,7.916369,0.0,3.977277,1,2,1,0,4,0,0,67587,4.76,1,0,0,0
1250_kvno.exe,benign,89f7e52e1e52eafb8170e37af227ffbe,ab5e39220425f9d8bbd531854f8e69840f0b09cebeb10547448ed789843a9e62,12288,6.83113,1,256,34404,3,1719463612,12288,4096,36864,48880,5368709120,4096,512,6,0,0,0,6,0,57344,1024,0,0,1,3,33120,16,0,0,1,0,0,0.0,0.0,3.57145,0.0,0.0,7.559264,0.0,3.710238,1,2,1,0,14,0,0,207,6.98,0,0,0,0
1251_mit2ms.exe,benign,8d7bd05b0753e64e0bafb77197dd92e5,a4aba31118a80dc1088ff71b12649c70c3ce46574189e9cbde974fc4db8c0879,9216,6.305181,1,264,34404,3,1719463607,8192,4096,28672,37568,5368709120,4096,512,6,0,0,0,6,0,45056,1024,0,0,1,3,33120,16,0,0,1,0,0,0.0,0.0,3.53168,0.0,0.0,7.277845,0.0,3.603175,1,2,1,0,13,0,0,140,7.83,0,0,0,0
1252_ms2mit.exe,benign,3624854a9054af79dc9bd9ca861360b7,05b072f33663f1d04e5b8224ffed4c55f7baf567dec825d8b9c17dd6d4ffae78,10240,6.245234,1,256,34404,3,1719463607,8192,4096,32768,42192,5368709120,4096,512,6,0,0,0,6,0,49152,1024,0,0,1,3,33120,16,0,0,1,0,0,0.0,0.0,3.198873,0.0,0.0,7.360837,0.0,3.519903,1,2,1,0,15,0,0,160,7.53,0,0,0,0
1253_jpgicc.exe,benign,1ff1431df5c6868ca555eaedd07484e4,c79f86e81219fbec64d137951a53e40b36217250d635e07dbbd619b3b82ef88a,109056,7.871744,1,256,34404,3,1739160996,106496,4096,176128,285536,5368709120,4096,512,6,0,0,0,6,0,290816,1024,0,0,1,3,33120,16,0,0,1,0,0,0.0,0.0,4.384687,0.0,0.0,7.899239,0.0,4.094642,1,2,1,0,15,0,0,1814,5.36,0,0,0,0
1254_linkicc.exe,benign,b0ed214e6f61aaae9e19f83557d30a61,68d16253c8afaa20a8e1c4062b77926fba00b7452260c31272a4641cb28bff69,198144,7.916098,1,264,34404,3,1739160991,196608,4096,274432,473424,5368709120,4096,512,6,0,0,0,6,0,479232,1024,0,0,1,3,33120,16,0,0,1,0,0,0.0,0.0,3.643972,0.0,0.0,7.926545,0.0,3.856839,1,2,1,0,4,0,0,3014,5.08,0,0,0,0
1255_psicc.exe,benign,b1bff45ab7dc82f4b1867aa7449a6797,54282f5650a0f51c85a683ee6bea1ae7f3cd418db5f35a05e0ce76183dcea57c,200192,7.9157,1,264,34404,3,1739161000,200704,4096,278528,479440,5368709120,4096,512,6,0,0,0,6,0,487424,1024,0,0,1,3,33120,16,0,0,1,0,0,0.0,0.0,3.645649,0.0,0.0,7.92656,0.0,3.857403,1,2,1,0,4,0,0,3067,5.02,0,0,0,0
1256_tificc.exe,benign,7f2e8f56fc1e1a5d1f8c5a95bad060c5,d3739a84cb4e394c221d3c1726758d02dc632b9ec4d7f05d1f6b4789f8f0fe98,115712,7.896444,1,248,34404,3,1739160983,114688,4096,184320,300528,5368709120,4096,512,6,0,0,0,6,0,307200,1024,0,0,1,3,33120,16,0,0,1,0,0,0.0,0.0,4.501023,0.0,0.0,7.918555,0.0,4.139859,1,2,1,0,15,0,0,1848,5.37,0,0,0,0
1257_transicc.exe,benign,cbec59231593c147311405823fb87ce2,1a5b105af432195bab0ec7f8c87564a5a748de8626d235717ba3390b9b6215a1,216576,7.92192,1,272,34404,3,1739160994,217088,4096,303104,520544,5368709120,4096,512,6,0,0,0,6,0,528384,1024,0,0,1,3,33120,16,0,0,1,0,0,0.0,0.0,3.651876,0.0,0.0,7.931357,0.0,3.861078,1,2,1,0,4,0,0,3343,5.02,0,0,0,0
1258_bsdcat.exe,benign,7c90a4c1231c437ed1ccc471288509df,761172097f00ad8fcc0c606f547841a5dd99abe1888b59d71277cfef5a1dad76,46080,7.722671,1,272,34404,3,1749386150,45056,4096,81920,127808,5368709120,4096,512,6,0,0,0,6,0,135168,1024,0,0,1,3,33120,16,0,0,1,0,0,0.0,0.0,3.898859,0.0,0.0,7.845189,0.0,3.914683,1,2,1,0,18,0,0,813,5.81,0,0,0,0
1259_bsdcpio.exe,benign,3b3b23f076e7653a76c92cc475db8ddf,e7526cd7f55991c7690b09e7b07902bb64980d7c7df87f77c24ab86bb4c87335,318464,7.9225,1,280,34404,3,1749386151,315392,4096,458752,776560,5368709120,4096,512,6,0,0,0,6,0,782336,1024,0,0,1,3,33120,16,0,0,1,0,0,0.0,0.0,3.908205,0.0,0.0,7.932139,0.0,3.946781,1,2,1,0,25,0,0,4836,4.96,1,0,0,0
125_docker-credential-ecr-login.exe,benign,ec1861733feae2e27e569ad7b89e6f4e,6b77554b0c584577894ec46dd197898574017c8cbe8870e633179bbf7e46b411,2612144,7.917793,1,128,34404,3,0,2600960,4096,5369856,7973472,4194304,4096,512,6,1,1,0,6,1,7979008,512,0,0,1,3,33120,16,0,0,0,0,0,0.0,0.0,0.0,0.0,0.0,7.918139,0.0,3.093988,1,3,1,0,4,0,0,35602,4.81,1,0,0,0
1260_bsdtar.exe,benign,09a186fc081ddc879a779ab6397a58be,43a6dbbe339a233620e06b7b8e23a6acc70a2c295ffe14954a44900dad414eae,333824,7.922786,1,272,34404,3,1749386151,331776,4096,466944,799888,5368709120,4096,512,6,0,0,0,6,0,806912,1024,0,0,1,3,33120,16,0,0,1,0,0,0.0,0.0,3.987578,0.0,0.0,7.932167,0.0,3.973248,1,2,1,0,26,0,0,5023,5.0,1,0,0,0
1261_libdeflate-gunzip.exe,benign,ca8d6b841a788110de1c03e35bb16542,073aba3978c9cfb7818095a71ee853a151e0b917551b289d181f505550a447d5,88576,7.870976,1,272,34404,3,1747040510,90112,4096,122880,212144,5368709120,4096,512,6,0,0,0,6,0,221184,1024,0,0,1,3,33120,16,0,0,1,0,0,0.0,0.0,3.914606,0.0,0.0,7.904643,0.0,3.93975,1,2,1,0,5,0,0,1255,5.19,0,0,0,0
1262_libdeflate-gzip.exe,benign,ca8d6b841a788110de1c03e35bb16542,073aba3978c9cfb7818095a71ee853a151e0b917551b289d181f505550a447d5,88576,7.870976,1,272,34404,3,1747040510,90112,4096,122880,212144,5368709120,4096,512,6,0,0,0,6,0,221184,1024,0,0,1,3,33120,16,0,0,1,0,0,0.0,0.0,3.914606,0.0,0.0,7.904643,0.0,3.93975,1,2,1,0,5,0,0,1255,5.19,0,0,0,0
1263_gspawn-win64-helper-console.exe,benign,3279a931d8a23514e1855a60bffe7eb2,def64c5004e348685658be0d10e4d53a83c10fc8d5b69f7f3d3089c7e9100c4d,8704,6.870217,1,256,34404,3,1747836822,8192,4096,28672,38304,5368709120,4096,512,6,0,0,0,6,0,45056,1024,0,0,1,3,33120,16,0,0,0,0,0,0.0,0.0,0.0,0.0,0.0,7.501436,0.0,3.814223,1,3,1,0,15,0,0,153,8.05,0,0,0,0
1264_gspawn-win64-helper.exe,benign,06118e8241ed6128a65a08382835b6a6,79e2618f8c5849cc722af937854f80ea2869a383cde89fd7d4db49b56e3c608f,8704,6.913014,1,256,34404,3,1747836822,8192,4096,28672,38352,5368709120,4096,512,6,0,0,0,6,0,45056,1024,0,0,1,2,33120,16,0,0,0,0,0,0.0,0.0,0.0,0.0,0.0,7.544484,0.0,3.827305,1,3,1,0,15,0,0,146,8.36,0,0,0,0
1265_cjpeg.exe,benign,41b1ad5f1760fd9cad5065c086bb22c9,f93887fa9a1cb69701c180ad7a8c314fe14190e6814eb441ed291d54e1d7aa7f,29696,7.656443,1,256,34404,3,1745268337,28672,4096,77824,107824,5368709120,4096,512,6,0,0,0,6,0,114688,1024,0,0,1,3,33120,16,0,0,1,0,0,0.0,0.0,4.056795,0.0,0.0,7.829139,0.0,3.961978,1,2,1,0,12,0,0,500,6.25,0,0,0,0
1266_djpeg.exe,benign,1f2ca85b4f5c0bcebc86354351aa1148,4d7754963c198a1c3dcca16551ff024fcfaf142510032c41006f87839d26794d,22528,7.51082,1,256,34404,3,1745268340,20480,4096,53248,75904,5368709120,4096,512,6,0,0,0,6,0,81920,1024,0,0,1,3,33120,16,0,0,1,0,0,0.0,0.0,4.032715,0.0,0.0,7.768215,0.0,3.933643,1,2,1,0,12,0,0,378,6.84,0,0,0,0
1267_jpegtran.exe,benign,3a517995c7330ab35576b873e9cb8f6c,a7289d747e6aab803b6a1b68122e0f55522beb578de2e8abe65d276be9e69996,25600,7.614013,1,264,34404,3,1745268341,24576,4096,49152,75008,5368709120,4096,512,6,0,0,0,6,0,81920,1024,0,0,1,3,33120,16,0,0,1,0,0,0.0,0.0,4.042284,0.0,0.0,7.829546,0.0,3.957277,1,2,1,0,12,0,0,462,6.43,0,0,0,0
1268_rdjpgcom.exe,benign,582e1c052c293052a02e970f271edb37,d8607bec99c7da576b3cd14799ed0a1b6b774230a354ab3e0212bcdc96820890,94720,7.874899,1,256,34404,3,1745268312,94208,4096,126976,222480,5368709120,4096,512,6,0,0,0,6,0,229376,1024,0,0,1,3,33120,16,0,0,1,0,0,0.0,0.0,3.637116,0.0,0.0,7.906414,0.0,3.847843,1,2,1,0,4,0,0,1379,5.15,0,0,0,0
1269_tjbench.exe,benign,6161ac269d4dc11a728d3ea74e454898,ae2acf7e40e5cc92e763d00012b2c19f7152b7f6c775cb517cd31eac94b4e910,112128,7.895973,1,280,34404,3,1745268273,110592,4096,155648,268816,5368709120,4096,512,6,0,0,0,6,0,274432,1024,0,0,1,3,33120,16,0,0,1,0,0,0.0,0.0,3.830866,0.0,0.0,7.918109,0.0,3.916325,1,2,1,0,5,0,0,1699,5.09,0,0,0,0
126_docker-credential-wincred.exe,benign,c0a4ea28e77458d0a0071e7b5d9e3e8b,680f81c343e0139ff2291270eb3719aea08f8a07e0ed0f246199ef1b910d5d73,854448,7.91437,1,128,34404,3,0,843776,4096,1728512,2574528,5368709120,4096,512,6,1,1,0,6,1,2580480,512,0,0,1,3,33120,16,0,0,0,0,0,0.0,0.0,0.0,0.0,0.0,7.915592,0.0,3.089514,1,3,1,0,4,0,0,11189,4.88,1,0,0,0
1270_wrjpgcom.exe,benign,6a9ca87ced00dec63659ea199bac3033,e5fc1af4883eb1899deae7f66e90592065cc8b6dee2c363adf98441a4e55284c,79360,7.867038,1,272,34404,3,1745268312,77824,4096,106496,186768,5368709120,4096,512,6,0,0,0,6,0,192512,1024,0,0,1,3,33120,16,0,0,1,0,0,0.0,0.0,3.652458,0.0,0.0,7.904905,0.0,3.852454,1,2,1,0,4,0,0,1133,5.22,0,0,0,0
1271_mamba-package.exe,benign,05303f8ace3ca7ec30b1a4807481a11a,2c65097adfe7c03ecc3e03ab03a7f6bb6bfc814cb7103f5f9b6cbe86796bcede,130048,7.881666,1,248,34404,3,1750079701,126976,4096,270336,400000,5368709120,4096,512,6,0,0,0,6,0,405504,1024,0,0,1,3,33120,16,0,0,1,0,0,0.0,0.0,4.11701,0.0,0.0,7.910861,0.0,4.00929,1,2,1,0,17,0,1,1958,5.22,0,0,0,0
1272_png-fix-itxt.exe,benign,06da7b9e872ac3aa61e86ce20e17efb7,547642937a99b66d3a8c66efdb4841e8f0ecece3fe57f65876273e7840e738b4,8192,6.596957,1,264,34404,3,1745771564,8192,4096,28672,37376,5368709120,4096,512,6,0,0,0,6,0,45056,1024,0,0,1,3,33120,16,0,0,1,0,0,0.0,0.0,3.832904,0.0,0.0,7.453564,0.0,3.762156,1,2,1,0,11,0,0,120,10.05,0,0,0,0
