filename,m3_malware_score,predicted_class,false_positive
1000_mm2gv.exe,0.820626,0,True
1001_moc.exe,0.863169,0,True
1002_ms2mit.exe,0.82125,0,True
1003_neato.exe,0.814583,0,True
1004_nop.exe,0.775626,0,True
1005_openssl.exe,0.866556,0,True
1006_opj_compress.exe,0.83259,0,True
1007_opj_decompress.exe,0.82884,0,True
1008_opj_dump.exe,0.786626,0,True
1009_osage.exe,0.814583,0,True
100_docker-model.exe,0.836812,0,True
1010_pal2rgb.exe,0.775626,0,True
1011_pango-list.exe,0.770626,0,True
1012_pango-segmentation.exe,0.770626,0,True
1013_pango-view.exe,0.795626,0,True
1014_patchwork.exe,0.814583,0,True
1015_pcre2grep.exe,0.84818,0,True
1016_pcre2test.exe,0.853169,0,True
1017_pixeltool.exe,0.81634,0,True
1018_pkgdata.exe,0.83259,0,True
1019_png-fix-itxt.exe,0.780626,0,True
101_docker-offload.exe,0.836812,0,True
1020_pngfix.exe,0.82134,0,True
1021_ppm2tiff.exe,0.775626,0,True
1022_proj.exe,0.795626,0,True
1023_projinfo.exe,0.82759,0,True
1024_projsync.exe,0.82759,0,True
1025_prune.exe,0.780626,0,True
1026_psicc.exe,0.84818,0,True
1027_qcollectiongenerator.exe,0.782293,0,True
1028_qconvex.exe,0.850977,0,True
1029_qdbus.exe,0.815626,0,True
102_docker-pass.exe,0.836812,0,True
1030_qdbuscpp2xml.exe,0.84259,0,True
1031_qdbusviewer.exe,0.879244,0,True
1032_qdbusxml2cpp.exe,0.82634,0,True
1033_qdelaunay.exe,0.850977,0,True
1034_qdistancefieldgenerator.exe,0.83759,0,True
1035_qgltf.exe,0.863169,0,True
1036_qhalf.exe,0.850977,0,True
1037_qhelpgenerator.exe,0.83259,0,True
1038_qhull.exe,0.845977,0,True
1039_qlalr.exe,0.83759,0,True
103_docker-sandbox.exe,0.836812,0,True
1040_qmake.exe,0.847336,0,True
1041_qml.exe,0.889244,0,True
1042_qmlcachegen.exe,0.851037,0,True
1043_qmleasing.exe,0.81509,0,True
1044_qmlformat.exe,0.84259,0,True
1045_qmlimportscanner.exe,0.83759,0,True
1046_qmllint.exe,0.84259,0,True
1047_qmlmin.exe,0.82759,0,True
1048_qmlplugindump.exe,0.83759,0,True
1049_qmlpreview.exe,0.83259,0,True
104_docker-sbom.exe,0.826812,0,True
1050_qmlprofiler.exe,0.83759,0,True
1051_qmlscene.exe,0.82509,0,True
1052_qmltestrunner.exe,0.81375,0,True
1053_qmltime.exe,0.786626,0,True
1054_qmltyperegistrar.exe,0.83759,0,True
1055_qscxmlc.exe,0.84259,0,True
1056_qtattributionsscanner.exe,0.82509,0,True
1057_qtdiag.exe,0.82509,0,True
1058_qtpaths.exe,0.791626,0,True
1059_qtplugininfo.exe,0.786626,0,True
1060_QtWebEngineProcess.exe,0.84943,0,True
1061_qvkgen.exe,0.785626,0,True
1062_qvoronoi.exe,0.850977,0,True
1063_qwebengine_convert_dict.exe,0.85943,0,True
1064_raw2tiff.exe,0.786626,0,True
1065_rbox.exe,0.790626,0,True
1066_rcc.exe,0.868223,0,True
1067_rdjpgcom.exe,0.82759,0,True
1068_repc.exe,0.84259,0,True
1069_sccmap.exe,0.775626,0,True
106_7zr.exe,0.789117,0,True
1070_sfdp.exe,0.814583,0,True
1071_sqlite3.exe,0.852336,0,True
1072_sxpm.exe,0.790984,0,True
1076_testcon.exe,0.85318,0,True
1077_testsolv.exe,0.786626,0,True
1078_tiff2bw.exe,0.781626,0,True
1079_tiff2pdf.exe,0.83259,0,True
107_courgette64.exe,0.870253,0,True
1080_tiff2ps.exe,0.82134,0,True
1081_tiff2rgba.exe,0.781626,0,True
1082_tiffcmp.exe,0.781626,0,True
1083_tiffcp.exe,0.820626,0,True
1084_tiffcrop.exe,0.83259,0,True
1085_tiffdither.exe,0.775626,0,True
1086_tiffdump.exe,0.786626,0,True
1087_tiffinfo.exe,0.786626,0,True
1088_tiffmedian.exe,0.795376,0,True
1089_tiffset.exe,0.780626,0,True
1090_tiffsplit.exe,0.780626,0,True
1091_tificc.exe,0.83759,0,True
1092_tjbench.exe,0.83259,0,True
1093_tracegen.exe,0.868223,0,True
1094_transicc.exe,0.85318,0,True
1095_tred.exe,0.780626,0,True
1096_twopi.exe,0.814583,0,True
1097_uic.exe,0.845977,0,True
1098_unflatten.exe,0.780626,0,True
1099_webpinfo.exe,0.800626,0,True
109_Docker Desktop.exe,0.876383,0,True
10_7z.exe,0.774073,0,True
1100_webpmux.exe,0.800626,0,True
1101_windeployqt.exe,0.863169,0,True
1102_wish.exe,0.88003,0,True
1103_wish86.exe,0.88003,0,True
1104_wish86t.exe,0.88003,0,True
1105_wrjpgcom.exe,0.82259,0,True
1106_xmlcatalog.exe,0.754126,0,True
1107_xmllint.exe,0.79009,0,True
1108_xmlpatterns.exe,0.83009,0,True
1109_xmlpatternsvalidator.exe,0.81625,0,True
110_DockerCli.exe,0.891383,0,True
1110_xsltproc.exe,0.779126,0,True
1111_zstd.exe,0.82759,0,True
1112_x86_64-w64-mingw32-nmakehlp.exe,0.564793,0,True
1113_gst-completion-helper.exe,0.775626,0,True
1114_gst-hotdoc-plugins-scanner.exe,0.783126,0,True
1115_gst-plugin-scanner.exe,0.775626,0,True
1116_gst-ptp-helper.exe,0.82259,0,True
1117_lzopack.exe,0.785626,0,True
1118_lzotest.exe,0.83259,0,True
1119_simple.exe,0.770626,0,True
1120_testmini.exe,0.779376,0,True
1121_xgboost.exe,0.860669,0,True
1122_brotli.exe,0.800626,0,True
1123_inject_dll_amd64.exe,0.83259,0,True
1124_debugpy-adapter.exe,0.834244,0,True
1125_debugpy.exe,0.834244,0,True
1126_fc-cache.exe,0.775626,0,True
1127_fc-cat.exe,0.775626,0,True
1128_fc-conflist.exe,0.775626,0,True
1129_fc-list.exe,0.80125,0,True
1130_fc-match.exe,0.775626,0,True
1131_fc-pattern.exe,0.81125,0,True
1132_fc-query.exe,0.785626,0,True
1133_fc-scan.exe,0.80625,0,True
1134_fc-validate.exe,0.775626,0,True
1135_fonttools.exe,0.544436,0,True
1136_pyftmerge.exe,0.544436,0,True
1137_pyftsubset.exe,0.544436,0,True
1138_ttx.exe,0.544436,0,True
1139_fribidi.exe,0.769126,0,True
113_winpty-agent.exe,0.855924,0,True
1140_geosop.exe,0.83759,0,True
1141_gi-compile-repository.exe,0.81759,0,True
1142_gi-decompile-typelib.exe,0.783126,0,True
1143_gi-inspect-typelib.exe,0.80125,0,True
1144_glib-compile-resources.exe,0.800626,0,True
1145_gobject-query.exe,0.776293,0,True
1146_gdbus.exe,0.795626,0,True
1147_gio-querymodules.exe,0.80125,0,True
1148_gio.exe,0.82009,0,True
1149_glib-compile-schemas.exe,0.795626,0,True
114_buildkitd.exe,0.836812,0,True
1150_gresource.exe,0.775626,0,True
1151_gsettings.exe,0.774126,0,True
1152_gr2fonttest.exe,0.791626,0,True
1153_acyclic.exe,0.814583,0,True
1154_bcomps.exe,0.786626,0,True
1155_ccomps.exe,0.786626,0,True
1156_circo.exe,0.814583,0,True
1157_cluster.exe,0.84259,0,True
1158_diffimg.exe,0.775626,0,True
1159_dijkstra.exe,0.775626,0,True
115_com.docker.admin.exe,0.891383,0,True
1160_dot.exe,0.814583,0,True
1161_dot2gxl.exe,0.818126,0,True
1162_dot_builtins.exe,0.777293,0,True
1163_edgepaint.exe,0.83259,0,True
1164_fdp.exe,0.814583,0,True
1165_gc.exe,0.775626,0,True
1166_gml2gv.exe,0.810626,0,True
1167_graphml2gv.exe,0.786626,0,True
1168_gv2gml.exe,0.786626,0,True
1169_gv2gxl.exe,0.818126,0,True
1170_gvcolor.exe,0.805626,0,True
1171_gvgen.exe,0.795626,0,True
1172_gvmap.exe,0.845977,0,True
1173_gvpack.exe,0.815626,0,True
1174_gvpr.exe,0.780626,0,True
1175_gxl2dot.exe,0.818126,0,True
1176_gxl2gv.exe,0.818126,0,True
1177_mm2gv.exe,0.820626,0,True
1178_neato.exe,0.814583,0,True
1179_nop.exe,0.775626,0,True
117_com.docker.build.exe,0.836812,0,True
1180_osage.exe,0.814583,0,True
1181_patchwork.exe,0.814583,0,True
1182_prune.exe,0.780626,0,True
1183_sccmap.exe,0.775626,0,True
1184_sfdp.exe,0.814583,0,True
1185_tred.exe,0.780626,0,True
1186_twopi.exe,0.814583,0,True
1187_unflatten.exe,0.780626,0,True
1188_gst-device-monitor-1.0.exe,0.776626,0,True
1189_gst-discoverer-1.0.exe,0.775626,0,True
118_com.docker.diagnose.exe,0.891383,0,True
1190_gst-play-1.0.exe,0.80634,0,True
1191_gst-inspect-1.0.exe,0.81134,0,True
1192_gst-launch-1.0.exe,0.775626,0,True
1193_gst-stats-1.0.exe,0.790626,0,True
1194_gst-typefind-1.0.exe,0.765626,0,True
1195_gst-completion-helper.exe,0.775626,0,True
1196_gst-hotdoc-plugins-scanner.exe,0.783126,0,True
1197_gst-plugin-scanner.exe,0.775626,0,True
1198_gst-ptp-helper.exe,0.82259,0,True
1199_hb-info.exe,0.805626,0,True
119_containerd-shim-runhcs-v1.exe,0.849729,0,True
11_7zFM.exe,0.799074,0,True
1200_hb-shape.exe,0.805626,0,True
1201_hb-subset.exe,0.813126,0,True
1202_hb-view.exe,0.81634,0,True
1203_gif2h5.exe,0.781626,0,True
1204_h52gif.exe,0.781626,0,True
1205_h5clear.exe,0.775626,0,True
1206_h5copy.exe,0.796626,0,True
1207_h5debug.exe,0.796626,0,True
1208_h5delete.exe,0.81625,0,True
1209_h5diff.exe,0.796626,0,True
120_containerd.exe,0.851812,0,True
1210_h5dump.exe,0.83259,0,True
1211_h5format_convert.exe,0.775626,0,True
1212_h5import.exe,0.82009,0,True
1213_h5jam.exe,0.775626,0,True
1214_h5ls.exe,0.82009,0,True
1215_h5mkgrp.exe,0.775626,0,True
1216_h5perf_serial.exe,0.815626,0,True
1217_h5repack.exe,0.82759,0,True
1218_h5repart.exe,0.775626,0,True
1219_h5stat.exe,0.800626,0,True
121_Docker desktop.exe,0.876383,0,True
1220_h5unjam.exe,0.775626,0,True
1221_h5watch.exe,0.791626,0,True
1224_derb.exe,0.82759,0,True
1225_genbrk.exe,0.83259,0,True
1226_genccode.exe,0.82259,0,True
1227_gencfu.exe,0.82259,0,True
1228_gencmn.exe,0.82259,0,True
1229_gencnval.exe,0.827633,0,True
122_dockerd.exe,0.886383,0,True
1230_gendict.exe,0.83259,0,True
1231_gennorm2.exe,0.842644,0,True
1232_genrb.exe,0.839846,0,True
1233_gensprep.exe,0.83259,0,True
1234_icuexportdata.exe,0.842644,0,True
1235_icuinfo.exe,0.82759,0,True
1236_icupkg.exe,0.82259,0,True
1237_makeconv.exe,0.83259,0,True
1238_pkgdata.exe,0.83259,0,True
1239_ccapiserver.exe,0.82759,0,True
123_docker-compose.exe,0.836812,0,True
1240_gss-client.exe,0.784126,0,True
1241_gss-server.exe,0.794126,0,True
1242_kcpytkt.exe,0.785626,0,True
1243_kdeltkt.exe,0.775626,0,True
1244_kdestroy.exe,0.819583,0,True
1245_kfwcpcc.exe,0.794126,0,True
1246_kinit.exe,0.799126,0,True
1247_klist.exe,0.794126,0,True
1248_kpasswd.exe,0.795626,0,True
1249_kswitch.exe,0.824583,0,True
124_docker-credential-desktop.exe,0.891383,0,True
1250_kvno.exe,0.791626,0,True
1251_mit2ms.exe,0.824583,0,True
1252_ms2mit.exe,0.82125,0,True
1253_jpgicc.exe,0.83759,0,True
1254_linkicc.exe,0.84818,0,True
1255_psicc.exe,0.84818,0,True
1256_tificc.exe,0.83759,0,True
1257_transicc.exe,0.85318,0,True
1258_bsdcat.exe,0.82759,0,True
1259_bsdcpio.exe,0.866513,0,True
125_docker-credential-ecr-login.exe,0.826812,0,True
1260_bsdtar.exe,0.866513,0,True
1261_libdeflate-gunzip.exe,0.82759,0,True
1262_libdeflate-gzip.exe,0.82759,0,True
1263_gspawn-win64-helper-console.exe,0.765626,0,True
1264_gspawn-win64-helper.exe,0.755626,0,True
1265_cjpeg.exe,0.82009,0,True
1266_djpeg.exe,0.818126,0,True
1267_jpegtran.exe,0.82134,0,True
1268_rdjpgcom.exe,0.82759,0,True
1269_tjbench.exe,0.83259,0,True
126_docker-credential-wincred.exe,0.836812,0,True
1270_wrjpgcom.exe,0.82259,0,True
1271_mamba-package.exe,0.84259,0,True
1272_png-fix-itxt.exe,0.780626,0,True
